molecule_chembl_id,canonical_smiles,bioactivity_class,standard_value
CHEMBL372962,C#CCCCn1c(Sc2cc3c(cc2I)OCO3)nc2c(N)ncnc21,active inhibtor,100.0
CHEMBL199505,C#CCCCn1c(Cc2cc(OC)c(OC)cc2Cl)nc2c(N)nc(F)nc21,inactive inhibtor,30000.0
CHEMBL372791,C#CCCCn1c(Cc2cc(OC)c(OC)cc2Br)nc2c(N)nc(F)nc21,inactive inhibtor,50000.0
CHEMBL202777,C#CCCCn1c(Cc2cc(OC)c(OC)cc2I)nc2c(N)nc(F)nc21,inactive inhibtor,50000.0
CHEMBL201683,C#CCCCn1c(Cc2cc3c(cc2Cl)OCO3)nc2c(N)nc(F)nc21,active inhibtor,300.0
CHEMBL199283,C#CCCCn1c(Cc2cc3c(cc2Br)OCO3)nc2c(N)nc(F)nc21,active inhibtor,210.0
CHEMBL377482,C#CCCCn1c(Cc2cc3c(cc2I)OCO3)nc2c(N)nc(F)nc21,active inhibtor,90.0
CHEMBL365159,C#CCCCn1c(Sc2cc3c(cc2Br)OCO3)nc2c(N)ncnc21,active inhibtor,365.0
CHEMBL200001,CC(C)NCCCn1c(Cc2cc3c(cc2I)OCO3)nc2c(N)nc(F)nc21,active inhibtor,80.0
CHEMBL383189,CC(C)NCCCn1c(Sc2cc3c(cc2Br)OCO3)nc2c(N)ncnc21,active inhibtor,205.0
CHEMBL200102,CC(C)NCCCn1c(Sc2cc3c(cc2I)OCO3)nc2c(N)ncnc21,active inhibtor,50.0
CHEMBL510001,COc1cc(C(=O)n2ncc3cc(N)ccc32)cc(OC)c1OC,inactive inhibtor,80760.0
CHEMBL449164,CO[C@H]1/C=C\C=C(/C)C(=O)NC2=CC(=O)C(NCCN(C)C)=C(C[C@@H](C)C[C@H](OC)[C@H](OC(=O)NN)[C@@H](C)/C=C(\C)[C@@H]1OC(N)=O)C2=O,active inhibtor,5.0
CHEMBL383824,CO[C@H]1/C=C\C=C(/C)C(=O)NC2=CC(=O)C(NCCN(C)C)=C(C[C@@H](C)C[C@H](OC)[C@H](O)[C@@H](C)/C=C(\C)[C@@H]1OC(N)=O)C2=O,active inhibtor,24.0
CHEMBL414883,C[C@@H]1C[C@H]2O[C@@H]2/C=C\C=C\C(=O)Cc2c(Cl)c(O)cc(O)c2C(=O)O1,active inhibtor,20.0
CHEMBL526127,C[C@@H]1C/C=C/CC/C=C/C(=O)Cc2c(Cl)c(O)cc(O)c2C(=O)O1,active inhibtor,80.0
CHEMBL491499,C[C@H]1CCCC(=O)CCCCCc2cc(O)cc(O)c2C(=O)O1,active inhibtor,90.0
CHEMBL113690,CCCCn1c(Cc2cc(OC)c(OC)c(OC)c2)nc2c(N)ncnc21,active inhibtor,1000.0
CHEMBL191635,C#CCCCn1c(Sc2cc(OC)ccc2I)nc2c(N)ncnc21,active inhibtor,280.0
CHEMBL365159,C#CCCCn1c(Sc2cc3c(cc2Br)OCO3)nc2c(N)ncnc21,active inhibtor,300.0
CHEMBL199532,COc1ccc(I)c(Sc2nc3c(N)ncnc3n2CCCNC(C)(C)C)c1,active inhibtor,14.0
CHEMBL381115,COc1ccc(I)c(Sc2nc3c(N)ncnc3n2CCNCC(C)(C)C)c1,active inhibtor,90.0
CHEMBL200001,CC(C)NCCCn1c(Cc2cc3c(cc2I)OCO3)nc2c(N)nc(F)nc21,active inhibtor,90.0
CHEMBL213262,CCCCn1c(Sc2nc3cccc(Cl)c3s2)nc2c(N)ncnc21,active inhibtor,180.0
CHEMBL215947,Nc1ncnc2c1nc(Sc1nc3cccc(Cl)c3s1)n2CCNC1CC1,active inhibtor,110.0
CHEMBL215657,CC(C)(C)CNCCn1c(Sc2nc3cccc(Cl)c3s2)nc2c(N)ncnc21,active inhibtor,110.0
CHEMBL377371,CCOP(=O)(CCn1c(Sc2nc3cccc(Cl)c3s2)nc2c(N)ncnc21)OCC,active inhibtor,30.0
CHEMBL212133,CCOP(=O)(CCn1c(Sc2nc3cncc(Br)c3s2)nc2c(N)ncnc21)OCC,active inhibtor,28.0
CHEMBL212850,CCOP(=O)(CCn1c(Sc2nc3cncc(Cl)c3s2)nc2c(N)ncnc21)OCC,active inhibtor,30.0
CHEMBL468781,COc1c(C)ncc(Cn2cnc3c(Cl)nc(N)nc32)c1C,active inhibtor,20.0
CHEMBL467399,COc1c(C)cnc(Cn2cnc3c(Cl)nc(N)nc32)c1C,active inhibtor,30.0
CHEMBL365617,CCNC(=O)c1n[nH]c(-c2cc(Cl)c(O)cc2O)c1-c1ccc(OC)cc1,active inhibtor,25.0
CHEMBL200469,CC(=O)c1ccc(NC(=O)c2cn[nH]c2-c2cc(Cl)c(O)cc2O)cc1,active inhibtor,258.0
CHEMBL200255,NS(=O)(=O)c1ccc(CNC(=O)c2cn[nH]c2-c2cc(Cl)c(O)cc2O)cc1,active inhibtor,461.0
CHEMBL208239,CS(=O)(=O)c1ccc(CN2CCN(c3cn[nH]c3-c3cc(Cl)c(O)cc3O)CC2)cc1,active inhibtor,740.0
CHEMBL251974,Oc1cc(O)c(-c2n[nH]cc2N2CCN(Cc3ccccc3)CC2)cc1Cl,active inhibtor,600.0
CHEMBL252124,CCNC(=O)c1noc(-c2cc(Cl)c(O)cc2O)c1-c1ccc(OC)cc1,active inhibtor,28.0
CHEMBL371915,O=S(=O)(Nc1ccc(O)c(-c2c(O)ccc3ccccc23)c1)c1cc(Cl)ccc1Cl,active inhibtor,700.0
CHEMBL458860,COc1ccc(N2C(/C=C/c3cccc(OC)c3O)=Nc3ccccc3C2O)cc1,inactive inhibtor,20000.0
CHEMBL109480,C=CCNC1=C2C[C@@H](C)C[C@H](OC)[C@H](O)[C@@H](C)/C=C(\C)[C@H](OC(N)=O)[C@@H](OC)/C=C\C=C(/C)C(=O)NC(=CC1=O)C2=O,active inhibtor,33.0
CHEMBL109480,C=CCNC1=C2C[C@@H](C)C[C@H](OC)[C@H](O)[C@@H](C)/C=C(\C)[C@H](OC(N)=O)[C@@H](OC)/C=C\C=C(/C)C(=O)NC(=CC1=O)C2=O,active inhibtor,15.0
CHEMBL404630,Oc1cc(O)c(-c2noc3ccc(NCCN4CCOCC4)cc23)cc1Cl,active inhibtor,30.0
CHEMBL278315,COC1=C2C[C@@H](C)C[C@H](OC)[C@H](O)[C@@H](C)/C=C(\C)[C@H](OC(N)=O)[C@@H](OC)/C=C\C=C(/C)C(=O)NC(=CC1=O)C2=O,active inhibtor,20.0
CHEMBL512064,C[C@H]1C[C@H]2O[C@@H]2CC/C=C/C(=O)Cc2c(Cl)c(O)cc(O)c2C(=O)O1,active inhibtor,90.0
CHEMBL456678,Cc1nc(-c2c(-c3ccc(O)cc3O)noc2C(F)(F)F)cs1,active inhibtor,9000.0
CHEMBL555136,CCNC(=O)c1cc2c(-c3cc(OCC(N)=O)c(Cl)cc3Cl)nc(N)nc2s1,active inhibtor,29.0
CHEMBL560099,CCN(CC)CCOc1cc(-c2nc(N)nc3sc(C(=O)NCC(F)(F)F)cc23)c(Cl)cc1Cl,active inhibtor,47.0
CHEMBL549749,CCNC(=O)c1cc2c(-c3cc(OCCN(CC)CC)c(Cl)cc3Cl)nc(N)nc2s1,active inhibtor,56.0
CHEMBL563327,CCNC(=O)c1cc2c(-c3cc(OCCN4CCCC4)c(Cl)cc3Cl)nc(N)nc2s1,active inhibtor,58.0
CHEMBL550023,CCNC(=O)c1cc2c(-c3cc(OCCN4CCC(F)(F)CC4)c(Cl)cc3Cl)nc(N)nc2s1,active inhibtor,58.0
CHEMBL561428,CCN(CC)CCOc1cc(-c2nc(N)nc3sc(C(=O)NC4CC4)cc23)c(Cl)cc1Cl,active inhibtor,64.0
CHEMBL557689,CCNC(=O)c1cc2c(-c3cc(OCCCN(C)C)c(Cl)cc3Cl)nc(N)nc2s1,active inhibtor,80.0
CHEMBL561359,CCNC(=O)c1cc2c(-c3cc(OCC#N)c(Cl)cc3Cl)nc(N)nc2s1,active inhibtor,80.0
CHEMBL561560,CCNC(=O)c1cc2c(-c3cc(OCCNCCOC)c(Cl)cc3Cl)nc(N)nc2s1,active inhibtor,84.0
CHEMBL560298,CCNC(=O)c1cc2c(-c3cc(ONC4CCCCC4)c(Cl)cc3Cl)nc(N)nc2s1,active inhibtor,87.0
CHEMBL554735,CCNC(=O)c1cc2c(-c3cc(OCCN4CCN(C)CC4)c(Cl)cc3Cl)nc(N)nc2s1,active inhibtor,102.0
CHEMBL549817,CCNC(=O)c1cc2c(-c3cc(OCCN(C)C)c(Cl)cc3Cl)nc(N)nc2s1,active inhibtor,127.0
CHEMBL560835,CCNC(=O)c1cc2c(-c3cc(OC4CCN(CC)C4)c(Cl)cc3Cl)nc(N)nc2s1,active inhibtor,176.0
CHEMBL563168,CCNC(=O)c1cc2c(-c3ccc(Cl)cc3Cl)nc(N)nc2s1,active inhibtor,230.0
CHEMBL564860,CCNC(=O)c1cc2c(-c3ccc(C#N)cc3C)nc(N)nc2s1,active inhibtor,300.0
CHEMBL549674,CCNC(=O)c1cc2c(-c3ccc(C)cc3C)nc(N)nc2s1,active inhibtor,340.0
CHEMBL554503,CCNC(=O)c1cc2c(-c3ccc(Cl)cc3)nc(N)nc2s1,active inhibtor,720.0
CHEMBL554496,CCOc1ccc(-c2c(C#N)c(N)nc3sc(C(N)=O)c(N)c23)cc1,inactive inhibtor,900.0
CHEMBL549340,Nc1ncc(/N=N/c2ccccc2)c(-c2ccc(Cl)cc2Cl)n1,inactive inhibtor,1560.0
CHEMBL563361,CCNC(=O)c1cc2c(-c3ccccc3)nc(N)nc2s1,inactive inhibtor,5700.0
CHEMBL561426,CSc1nc(N)nc(-c2ccccc2)n1,inactive inhibtor,20000.0
CHEMBL541949,CSc1nc(C)nc(N)n1,inactive inhibtor,350000.0
CHEMBL540934,COC(=O)Cc1cc(O)cc(O)c1,inactive inhibtor,490000.0
CHEMBL549547,CNC(=O)CSc1cc(C)nc(N)n1,inactive inhibtor,535000.0
CHEMBL539379,CCC(=O)c1ccc(O)cc1O,inactive inhibtor,570000.0
CHEMBL549673,NC(=O)c1cc2c(N)nc(N)nc2s1,inactive inhibtor,1250000.0
CHEMBL226345,Nc1[nH]cnc2ncnc1-2,active inhibtor,4000000.0
CHEMBL43175,NC(=O)c1ccccc1N,active inhibtor,4000000.0
CHEMBL538937,COCCOc1cc(C)nc(N)n1,active inhibtor,4000000.0
CHEMBL560895,CC1(C)CC(=O)c2c(C(F)(F)F)nn(-c3ccc(C(N)=O)c(N[C@H]4CC[C@H](O)CC4)c3)c2C1,active inhibtor,22.0
CHEMBL339231,CO[C@H]1/C=C\C=C(/C)C(=O)NC2=CC(=O)C(N)=C(C[C@@H](C)C[C@H](OC)[C@H](O)[C@@H](C)/C=C(\C)[C@@H]1OC(N)=O)C2=O,active inhibtor,12.0
CHEMBL109480,C=CCNC1=C2C[C@@H](C)C[C@H](OC)[C@H](O)[C@@H](C)/C=C(\C)[C@H](OC(N)=O)[C@@H](OC)/C=C\C=C(/C)C(=O)NC(=CC1=O)C2=O,active inhibtor,7.0
CHEMBL339231,CO[C@H]1/C=C\C=C(/C)C(=O)NC2=CC(=O)C(N)=C(C[C@@H](C)C[C@H](OC)[C@H](O)[C@@H](C)/C=C(\C)[C@@H]1OC(N)=O)C2=O,active inhibtor,7.0
CHEMBL560895,CC1(C)CC(=O)c2c(C(F)(F)F)nn(-c3ccc(C(N)=O)c(N[C@H]4CC[C@H](O)CC4)c3)c2C1,active inhibtor,7.0
CHEMBL252164,CCNC(=O)c1noc(-c2cc(C(C)C)c(O)cc2O)c1-c1ccc(CN2CCOCC2)cc1,active inhibtor,7.0
CHEMBL467399,COc1c(C)cnc(Cn2cnc3c(Cl)nc(N)nc32)c1C,active inhibtor,7.0
CHEMBL109480,C=CCNC1=C2C[C@@H](C)C[C@H](OC)[C@H](O)[C@@H](C)/C=C(\C)[C@H](OC(N)=O)[C@@H](OC)/C=C\C=C(/C)C(=O)NC(=CC1=O)C2=O,active inhibtor,12.0
CHEMBL252164,CCNC(=O)c1noc(-c2cc(C(C)C)c(O)cc2O)c1-c1ccc(CN2CCOCC2)cc1,active inhibtor,7.0
CHEMBL467399,COc1c(C)cnc(Cn2cnc3c(Cl)nc(N)nc32)c1C,active inhibtor,38.0
CHEMBL252164,CCNC(=O)c1noc(-c2cc(C(C)C)c(O)cc2O)c1-c1ccc(CN2CCOCC2)cc1,inactive inhibtor,21.0
CHEMBL252164,CCNC(=O)c1noc(-c2cc(C(C)C)c(O)cc2O)c1-c1ccc(CN2CCOCC2)cc1,inactive inhibtor,31.0
CHEMBL467399,COc1c(C)cnc(Cn2cnc3c(Cl)nc(N)nc32)c1C,inactive inhibtor,140.0
CHEMBL109480,C=CCNC1=C2C[C@@H](C)C[C@H](OC)[C@H](O)[C@@H](C)/C=C(\C)[C@H](OC(N)=O)[C@@H](OC)/C=C\C=C(/C)C(=O)NC(=CC1=O)C2=O,active inhibtor,1270.0
CHEMBL1917724,O=C1c2ccccc2C2=C(c3nc4cnccc4[nH]3)CCCN12,active inhibtor,50000.0
CHEMBL1917725,O=C1c2ccccc2-c2c1cccc2-c1nc2cnccc2[nH]1,active inhibtor,50000.0
CHEMBL1917726,NC(=O)CCC(=O)NC1c2ccccc2-c2c(-c3nc4cnccc4[nH]3)cccc21,active inhibtor,50000.0
CHEMBL1917727,O=C(NC1c2ccccc2-c2c(-c3nc4cnccc4[nH]3)cccc21)c1ccncc1,active inhibtor,1300.0
CHEMBL1917728,O=C(NC1c2ccccc2-c2c(-c3nc4ccccc4[nH]3)cccc21)c1cccc2ncccc12,active inhibtor,1300.0
CHEMBL1917729,Nc1cc(C(=O)NC2c3ccccc3-c3c(-c4nc5cnccc5[nH]4)cccc32)ccn1,active inhibtor,900.0
CHEMBL1917878,O=C(N[C@@H]1c2ccccc2-c2c(-c3nc4cnccc4[nH]3)cccc21)c1ccnc2[nH]ccc12,active inhibtor,30.0
CHEMBL1917723,Cc1onc(-c2ccc(O)cc2O)c1-c1ccccc1,active inhibtor,7600.0
CHEMBL252164,CCNC(=O)c1noc(-c2cc(C(C)C)c(O)cc2O)c1-c1ccc(CN2CCOCC2)cc1,active inhibtor,61.0
CHEMBL1940913,CCNC(=O)c1noc(-c2cc(Cl)c(O)cc2O)c1NC(=O)c1ccc(Br)cc1,active inhibtor,153.0
CHEMBL1940914,CCNC(=O)c1noc(-c2cc(Cl)c(O)cc2O)c1NC(=O)c1ccc(OC)cc1,active inhibtor,184.0
CHEMBL1940915,CCNC(=O)c1noc(-c2cc(Cl)c(O)cc2O)c1NC(=O)c1ccc(OC)c(OC)c1,active inhibtor,163.0
CHEMBL1940916,CCNC(=O)c1noc(-c2cc(Cl)c(O)cc2O)c1NC(=O)c1cc(OC)c(OC)c(OC)c1,inactive inhibtor,130.0
CHEMBL1940917,CCNC(=O)c1noc(-c2cc(Cl)c(O)cc2O)c1NC(=O)c1sccc1C,active inhibtor,74.0
CHEMBL1940918,CCNC(=O)c1noc(-c2cc(Cl)c(O)cc2O)c1NC(C)=O,active inhibtor,37.0
CHEMBL1940919,CCNC(=O)c1noc(-c2cc(Cl)c(O)cc2O)c1NC(=O)C(C)(C)C,active inhibtor,85.0
CHEMBL1940920,C=CC(=O)Nc1c(C(=O)NCC)noc1-c1cc(Cl)c(O)cc1O,active inhibtor,167.0
CHEMBL1940921,CCNC(=O)c1noc(-c2cc(Cl)c(O)cc2O)c1NC(=O)C12CC3CC(CC(C3)C1)C2,active inhibtor,250.0
CHEMBL1940922,COc1ccc(C(=O)Nc2c(C(=O)NCC(F)(F)F)noc2-c2cc(Cl)c(O)cc2O)cc1,active inhibtor,160.0
CHEMBL1940923,COc1ccc(C(=O)Nc2c(C(=O)N3CC(F)(F)C3)noc2-c2cc(Cl)c(O)cc2O)cc1,active inhibtor,100000.0
CHEMBL1940924,CCNC(=O)c1noc(-c2cc(Cl)c(O)cc2O)c1NC(=O)CCN1CCOCC1,active inhibtor,168.0
CHEMBL1940925,CCNC(=O)c1noc(-c2cc(C(C)C)c(O)cc2O)c1NC(C)=O,active inhibtor,55.0
CHEMBL1940926,CCNC(=O)c1noc(-c2cc(C(C)C)c(O)cc2O)c1NC(=O)C(C)(C)C,active inhibtor,41.0
CHEMBL1940927,CCNC(=O)c1noc(-c2cc(C(C)C)c(O)cc2O)c1NC(=O)C1CCCCC1,active inhibtor,190.0
CHEMBL1940928,CCCCC[C@H]1CC[C@H](C(=O)Nc2c(C(=O)NCC)noc2-c2cc(C(C)C)c(O)cc2O)CC1,active inhibtor,260.0
CHEMBL1940929,CCNC(=O)c1noc(-c2cc(C(C)C)c(O)cc2O)c1NC(=O)C1CCC(C(F)(F)F)CC1,active inhibtor,240.0
CHEMBL1940930,CCNC(=O)c1noc(-c2cc(C(C)C)c(O)cc2O)c1NC(=O)[C@H]1CC[C@@H](OC)CC1,active inhibtor,24.0
CHEMBL1940931,CCNC(=O)c1noc(-c2cc(C(C)C)c(O)cc2O)c1NC(=O)C1CCC(C(C)(C)C)CC1,active inhibtor,30.0
CHEMBL1940932,CCNC(=O)c1noc(-c2cc(C(C)C)c(O)cc2O)c1NC(=O)[C@H]1CC[C@H](N)CC1.Cl,active inhibtor,28.0
CHEMBL1940933,CCNC(=O)c1noc(-c2cc(C(C)C)c(O)cc2O)c1NC(=O)[C@H]1CC[C@H](CN)CC1.Cl,active inhibtor,40.0
CHEMBL1940934,CCNC(=O)c1noc(-c2cc(C(C)C)c(O)cc2O)c1NC(=O)[C@H]1CC[C@H](CNS(=O)(=O)c2ccc(F)cc2)CC1,active inhibtor,5.4
CHEMBL1940935,CCNC(=O)c1noc(-c2cc(C(C)C)c(O)cc2O)c1NC(=O)[C@H]1CC[C@H](CNS(=O)(=O)c2ccccc2)CC1,active inhibtor,5.0
CHEMBL1940936,CCNC(=O)c1noc(-c2cc(C(C)C)c(O)cc2O)c1NC(=O)[C@H]1CC[C@H](OC(=O)CN)CC1.O=C(O)C(F)(F)F,active inhibtor,5.0
CHEMBL1940937,CCNC(=O)c1noc(-c2cc(C(C)C)c(O)cc2O)c1NC(=O)[C@H]1CC[C@H](C(N)=O)CC1,active inhibtor,5.0
CHEMBL1940938,CCNC(=O)c1noc(-c2cc(C(C)C)c(O)cc2O)c1NC(=O)[C@H]1CC[C@@H](C(N)=O)CC1,active inhibtor,5.0
CHEMBL1940939,CCNC(=O)c1noc(-c2cc(C(C)C)c(O)cc2O)c1NC(=O)C1CCNCC1.O=C(O)C(F)(F)F,active inhibtor,5.0
CHEMBL1940940,CCNC(=O)c1noc(-c2cc(C(C)C)c(O)cc2O)c1NC(=O)C1CCN(C)CC1.O=C(O)C(F)(F)F,active inhibtor,24.0
CHEMBL1938422,CCNC(=O)c1noc(-c2cc(C(C)C)c(O)cc2O)c1NC(=O)[C@H]1CC[C@H](CNC)CC1.O=C(O)C(F)(F)F,active inhibtor,8.6
CHEMBL1940941,CCNC(=O)c1noc(-c2cc(C(C)C)c(O)cc2O)c1NC(=O)[C@@H]1CC[C@H](C(=O)OC)C1,active inhibtor,5.0
CHEMBL1940942,CCNC(=O)c1noc(-c2cc(C(C)C)c(O)cc2O)c1NC(=O)[C@@H]1CC[C@H](C(=O)O)C1,active inhibtor,39.0
CHEMBL1940943,CCNC(=O)c1noc(-c2cc(C(C)C)c(O)cc2O)c1NC(=O)C1CC(O)C1,active inhibtor,14.0
CHEMBL1940944,CCNC(=O)c1noc(-c2cc(C(C)C)c(O)cc2O)c1NC(=O)[C@@H]1CC[C@H](CO)C1,active inhibtor,12.6
CHEMBL1940945,CCNC(=O)c1noc(-c2cc(C(C)C)c(O)cc2O)c1NC(=O)[C@H]1CC[C@H](O)CC1,active inhibtor,5.0
CHEMBL1940946,CCNC(=O)c1noc(-c2cc(C(C)C)c(O)cc2O)c1NC(=O)[C@H]1CC[C@@H](O)CC1,active inhibtor,5.0
CHEMBL1940947,CCNC(=O)c1noc(-c2cc(C(C)C)c(O)cc2O)c1NC(=O)[C@H]1CC[C@@H](CO)CC1,active inhibtor,15.0
CHEMBL1940948,CCNC(=O)c1noc(-c2cc(C(C)C)c(O)cc2O)c1NC(=O)[C@H]1CC[C@H](CO)CC1,active inhibtor,5.0
CHEMBL1940949,CCNC(=O)c1noc(-c2cc(C(C)C)c(O)cc2O)c1NC(=O)[C@@H]1CC[C@H](CN2CCOCC2)C1,active inhibtor,12.0
CHEMBL1941046,CCNC(=O)c1noc(-c2cc(C(C)C)c(O)cc2O)c1NC(=O)[C@H]1CC[C@H](N2CCOCC2)CC1.Cl,active inhibtor,5.0
CHEMBL1941047,CCNC(=O)c1noc(-c2cc(C(C)C)c(O)cc2O)c1NC(=O)[C@H]1CC[C@@H](N2CCOCC2)CC1.Cl,active inhibtor,7.4
CHEMBL1941048,CCNC(=O)c1noc(-c2cc(C(C)C)c(O)cc2O)c1NC(=O)[C@H]1CC[C@@H](CN2CCOCC2)CC1.Cl,active inhibtor,19.6
CHEMBL1941049,CCNC(=O)c1noc(-c2cc(C(C)C)c(O)cc2O)c1NC(=O)[C@H]1CC[C@H](CN2CCOCC2)CC1.Cl,active inhibtor,8.8
CHEMBL1941050,CCNC(=O)c1noc(-c2cc(C(C)C)c(O)cc2O)c1NC(=O)CCN1CCOCC1,active inhibtor,214.0
CHEMBL1941051,CCNC(=O)c1noc(-c2cc(C(C)C)c(O)cc2O)c1NC(=O)CCN1CCN(C)CC1,active inhibtor,120.0
CHEMBL1941052,CCNC(=O)c1noc(-c2cc(C(C)C)c(O)cc2O)c1NC(=O)c1ccc(OC)cc1,active inhibtor,26.0
CHEMBL1941053,CCNC(=O)c1noc(-c2cc(C(C)C)c(O)cc2O)c1NC(=O)c1ccc(OC)c(F)c1,active inhibtor,34.0
CHEMBL1941054,CCNC(=O)c1noc(-c2cc(C(C)C)c(O)cc2O)c1NC(=O)c1ccc(N(C)C)cc1,active inhibtor,34.0
CHEMBL1941055,CCNC(=O)c1noc(-c2cc(C(C)C)c(O)cc2O)c1NC(=O)c1ccc(CN2CCOCC2)cc1,active inhibtor,71.0
CHEMBL1941056,CCNC(=O)c1noc(-c2cc(C(C)C)c(O)cc2O)c1NC(=O)c1ccc(N2CCN(C)CC2)cc1,active inhibtor,24.0
CHEMBL1941057,CCNC(=O)c1noc(-c2cc(C(C)C)c(O)cc2O)c1NC(=O)c1ccc(N2CCNCC2)cc1,active inhibtor,32.0
CHEMBL1941058,CCNC(=O)c1noc(-c2cc(C(C)C)c(O)cc2O)c1NC(=O)c1ccc(-n2cccc2)cc1,active inhibtor,32.0
CHEMBL1941059,CCNC(=O)c1noc(-c2cc(C(C)C)c(O)cc2O)c1NC(=O)c1ccc(N2CCCC2)cc1,active inhibtor,22.0
CHEMBL1941060,CCNC(=O)c1cc(C(=O)Nc2c(C(=O)NCC)noc2-c2cc(C(C)C)c(O)cc2O)on1,active inhibtor,24.0
CHEMBL1941061,CCNC(=O)c1noc(-c2cc(C(C)C)c(O)cc2O)c1NC(=O)c1cc(CC)on1,active inhibtor,20.0
CHEMBL1941062,CCNC(=O)c1noc(-c2cc(C(C)C)c(O)cc2O)c1NC(=O)c1cc(C(C)=O)on1,active inhibtor,19.0
CHEMBL1941063,CCNC(=O)c1noc(-c2cc(C(C)C)c(O)cc2O)c1NC(=O)c1sccc1C,active inhibtor,84.0
CHEMBL1941064,CCNC(=O)c1noc(-c2cc(C(C)C)c(O)cc2O)c1NC(=O)c1ccc(Br)o1,active inhibtor,22.0
CHEMBL1941065,CCNC(=O)c1noc(-c2cc(C(C)C)c(O)cc2O)c1NC(=O)c1cc(-c2ccccc2)on1,active inhibtor,250.0
CHEMBL1941066,CCNC(=O)c1noc(-c2cc(C(C)C)c(O)cc2O)c1NC(=O)c1sc(-c2ccncc2)nc1C,active inhibtor,27.0
CHEMBL1941067,CCNC(=O)c1noc(-c2cc(C(C)C)c(O)cc2O)c1NC(=O)c1nc(C)c(-c2ccc(F)cc2)s1,active inhibtor,40.0
CHEMBL1941068,CCNC(=O)c1noc(-c2cc(C(C)C)c(O)cc2O)c1NC(=O)c1sc(C)nc1C,active inhibtor,10.0
CHEMBL1941069,CCNC(=O)c1noc(-c2cc(C(C)C)c(O)cc2O)c1NC(=O)c1cccc2cccnc12,active inhibtor,36.0
CHEMBL1941070,CCNC(=O)c1noc(-c2cc(C(C)C)c(O)cc2O)c1NC(=O)c1oc2ccccc2c1C,active inhibtor,260.0
CHEMBL1941071,CCNC(=O)c1noc(-c2cc(C(C)C)c(O)cc2O)c1NC(=O)c1oc2ccc(OC)cc2c1C,active inhibtor,48.0
CHEMBL1941072,CCNC(=O)c1noc(-c2cc(C(C)C)c(O)cc2O)c1NC(=O)c1cc2ccccc2n1C,active inhibtor,62.0
CHEMBL1941073,CCNC(=O)c1noc(-c2cc(C(C)C)c(O)cc2O)c1NC(=O)c1ccc2cc[nH]c2c1,active inhibtor,33.0
CHEMBL1941074,CCNC(=O)c1noc(-c2cc(C(C)C)c(O)cc2O)c1NC(=O)c1ccc2ccn(C)c2c1,active inhibtor,34.0
CHEMBL1941075,CCNC(=O)c1noc(-c2cc(C(C)C)c(O)cc2O)c1NC(=O)c1ccc2ccsc2c1,active inhibtor,20.0
CHEMBL1941076,CCNC(=O)c1noc(-c2cc(C(C)C)c(O)cc2O)c1NC(=O)c1ccc2ncoc2c1,active inhibtor,15.0
CHEMBL1941077,CCNC(=O)c1noc(-c2cc(C(C)C)c(O)cc2O)c1NC(=O)c1ccco1,active inhibtor,5.0
CHEMBL1941078,CCNC(=O)c1noc(-c2cc(C(C)C)c(O)cc2O)c1NC(=O)c1ccc(C)o1,inactive inhibtor,5.0
CHEMBL1941079,CCNC(=O)c1noc(-c2cc(C(C)C)c(O)cc2O)c1NC(=O)c1cc(CN2CCOCC2)on1,active inhibtor,40.0
CHEMBL1941080,CCNC(=O)c1noc(-c2cc(Cl)c(O)cc2O)c1NCc1sccc1C,active inhibtor,230.0
CHEMBL1941081,CCNC(=O)c1noc(-c2cc(Cl)c(O)cc2O)c1NCc1ccc(OC)cc1,inactive inhibtor,430.0
CHEMBL1941082,CCNC(=O)c1noc(-c2cc(Cl)c(O)cc2O)c1NC1CCCCC1,active inhibtor,620.0
CHEMBL1941083,CCNC(=O)c1noc(-c2cc(Cl)c(O)cc2O)c1NC1CCN(C)CC1,active inhibtor,1600.0
CHEMBL2011843,Cc1cn(-c2ccc3c(N)ncnc3c2)c2c1C(=O)CC(C)(C)C2,active inhibtor,568.0
CHEMBL2011845,Cc1nc(N)c2ccc(-n3cc(C)c4c3CC(C)(C)CC4=O)cc2n1,inactive inhibtor,731.0
CHEMBL2011846,Cc1cn(-c2ccc3c(N)nc(N)nc3c2)c2c1C(=O)CC(C)(C)C2,inactive inhibtor,1898.0
CHEMBL2010814,Cc1cn(-c2cc(F)c3c(N)ncnc3c2)c2c1C(=O)CC(C)(C)C2,inactive inhibtor,20000.0
CHEMBL2011847,Cc1cn(-c2ccc3c(N)ncnc3c2F)c2c1C(=O)CC(C)(C)C2,active inhibtor,665.0
CHEMBL2011848,CCCCOc1c(-n2cc(C)c3c2CC(C)(C)CC3=O)ccc2c(N)ncnc12,active inhibtor,7369.0
CHEMBL2011849,CCCCNc1c(-n2cc(C)c3c2CC(C)(C)CC3=O)ccc2c(N)ncnc12,active inhibtor,7752.0
CHEMBL2011850,CCCCSc1c(-n2cc(C)c3c2CC(C)(C)CC3=O)ccc2c(N)ncnc12,inactive inhibtor,401.0
CHEMBL2011851,C=CCSc1c(-n2cc(C)c3c2CC(C)(C)CC3=O)ccc2c(N)ncnc12,inactive inhibtor,3655.0
CHEMBL2011852,Cc1cn(-c2ccc3c(N)ncnc3c2SCCN)c2c1C(=O)CC(C)(C)C2,active inhibtor,20000.0
CHEMBL2011842,Cc1cc2c(n1-c1ccc3c(N)ncnc3c1)CC(C)(C)CC2=O,inactive inhibtor,9974.0
CHEMBL2011844,Cc1nn(-c2ccc3c(N)ncnc3c2)c2c1C(=O)CC(C)(C)C2,inactive inhibtor,5813.0
CHEMBL2011853,Cc1cn(-c2ccc3cnc(N)nc3c2)c2c1C(=O)CC(C)(C)C2,inactive inhibtor,705.0
CHEMBL2011854,Cc1cn(-c2ccc3c(C)nc(N)nc3c2)c2c1C(=O)CC(C)(C)C2,active inhibtor,4.0
CHEMBL2011855,Cc1c2c(n(-c3ccc4c(N)ncnc4c3)c1C)CC(C)(C)CC2=O,active inhibtor,498.0
CHEMBL2011856,CCc1nn(-c2ccc3c(N)ncnc3c2)c2c1C(=O)CC(C)(C)C2,active inhibtor,4510.0
CHEMBL2011857,CC1(C)CC(=O)c2c(C(F)(F)F)nn(-c3ccc4c(N)ncnc4c3)c2C1,active inhibtor,16960.0
CHEMBL2011858,Cc1nn(-c2ccc3c(N)ncnc3c2F)c2c1C(=O)CC(C)(C)C2,active inhibtor,3783.0
CHEMBL2011859,CCSc1cc(-n2cc(C)c3c2CC(C)(C)CC3=O)cc2nc(N)nc(N)c12,active inhibtor,16840.0
CHEMBL2011860,COc1cc(-n2cc(C)c3c2CC(C)(C)CC3=O)cc2ncnc(N)c12,active inhibtor,20000.0
CHEMBL2011854,Cc1cn(-c2ccc3c(C)nc(N)nc3c2)c2c1C(=O)CC(C)(C)C2,active inhibtor,5.0
CHEMBL2011854,Cc1cn(-c2ccc3c(C)nc(N)nc3c2)c2c1C(=O)CC(C)(C)C2,active inhibtor,36.0
CHEMBL2011854,Cc1cn(-c2ccc3c(C)nc(N)nc3c2)c2c1C(=O)CC(C)(C)C2,active inhibtor,11.0
CHEMBL2042890,CCCN(C)C(=O)c1cc2c(Cc3ccccc3)n[nH]c2cc1O,active inhibtor,1900.0
CHEMBL2042889,NC(=O)c1cc2c(Cc3ccccc3)n[nH]c2cc1O,active inhibtor,61000.0
CHEMBL2042888,Nc1nc(Cl)cc(Cc2ccc(Cl)cc2)n1,active inhibtor,21000.0
CHEMBL2042887,Cc1ccc(-c2nc(N)nc3ccc(Cl)cc23)cc1,active inhibtor,900.0
CHEMBL2042886,N#CC(CC1CCCCC1)c1n[nH]c2cc(O)ccc12,inactive inhibtor,85000.0
CHEMBL2042885,Oc1ccc(-c2n[nH]c3cc(O)ccc23)cc1,active inhibtor,45000.0
CHEMBL2042884,Oc1ccc2c(C3CCCC3)n[nH]c2c1,active inhibtor,87000.0
CHEMBL2042891,CCCCN(C)C(=O)c1cc2c(Cc3ccccc3)n[nH]c2cc1O,active inhibtor,1800.0
CHEMBL2042892,COCCN(C)C(=O)c1cc2c(Cc3ccccc3)n[nH]c2cc1O,active inhibtor,4000.0
CHEMBL2042893,CN(Cc1ccccc1)C(=O)c1cc2c(Cc3ccccc3)n[nH]c2cc1O,active inhibtor,660.0
CHEMBL2042894,CN(C(=O)c1cc2c(Cc3ccccc3)n[nH]c2cc1O)c1ccco1,active inhibtor,610.0
CHEMBL2042895,CN(Cc1ccccc1)C(=O)c1cc2c(CCc3ccccc3)n[nH]c2cc1O,active inhibtor,230.0
CHEMBL2042896,CN(Cc1ccccc1F)C(=O)c1cc2c(Cc3ccccc3)n[nH]c2cc1O,active inhibtor,900.0
CHEMBL2042897,CN(Cc1ccccc1Cl)C(=O)c1cc2c(Cc3ccccc3)n[nH]c2cc1O,active inhibtor,1100.0
CHEMBL2042898,CN(Cc1ccccc1Br)C(=O)c1cc2c(Cc3ccccc3)n[nH]c2cc1O,active inhibtor,610.0
CHEMBL2042899,Cc1ccccc1CN(C)C(=O)c1cc2c(Cc3ccccc3)n[nH]c2cc1O,active inhibtor,740.0
CHEMBL2042900,COc1ccccc1CN(C)C(=O)c1cc2c(Cc3ccccc3)n[nH]c2cc1O,active inhibtor,1700.0
CHEMBL2042901,CN(Cc1cccc(F)c1)C(=O)c1cc2c(Cc3ccccc3)n[nH]c2cc1O,active inhibtor,570.0
CHEMBL2042902,CN(Cc1cccc(Cl)c1)C(=O)c1cc2c(Cc3ccccc3)n[nH]c2cc1O,active inhibtor,1500.0
CHEMBL2042903,CN(Cc1cccc(Br)c1)C(=O)c1cc2c(Cc3ccccc3)n[nH]c2cc1O,active inhibtor,1300.0
CHEMBL2042904,Cc1cccc(CN(C)C(=O)c2cc3c(Cc4ccccc4)n[nH]c3cc2O)c1,active inhibtor,3600.0
CHEMBL2042905,COc1cccc(CN(C)C(=O)c2cc3c(Cc4ccccc4)n[nH]c3cc2O)c1,active inhibtor,980.0
CHEMBL2042906,CN(Cc1cccc(C(F)(F)F)c1)C(=O)c1cc2c(Cc3ccccc3)n[nH]c2cc1O,active inhibtor,3400.0
CHEMBL2042856,CN(Cc1ccc(F)cc1)C(=O)c1cc2c(Cc3ccccc3)n[nH]c2cc1O,active inhibtor,1100.0
CHEMBL2042857,CN(Cc1ccc(Cl)cc1)C(=O)c1cc2c(Cc3ccccc3)n[nH]c2cc1O,active inhibtor,330.0
CHEMBL2042858,CN(Cc1ccc(Br)cc1)C(=O)c1cc2c(Cc3ccccc3)n[nH]c2cc1O,active inhibtor,1100.0
CHEMBL2042859,Cc1ccc(CN(C)C(=O)c2cc3c(Cc4ccccc4)n[nH]c3cc2O)cc1,active inhibtor,630.0
CHEMBL2042860,CCc1ccc(CN(C)C(=O)c2cc3c(Cc4ccccc4)n[nH]c3cc2O)cc1,inactive inhibtor,390.0
CHEMBL2042861,CCOc1ccc(CN(C)C(=O)c2cc3c(Cc4ccccc4)n[nH]c3cc2O)cc1,inactive inhibtor,760.0
CHEMBL2042862,COc1cccc(CN(C)C(=O)c2cc3c(Cc4ccccc4)n[nH]c3cc2O)c1OC,inactive inhibtor,470.0
CHEMBL2042863,COc1cc(CN(C)C(=O)c2cc3c(Cc4ccccc4)n[nH]c3cc2O)ccc1Cl,inactive inhibtor,2300.0
CHEMBL2042864,CN(Cc1ccc(Cl)c(F)c1)C(=O)c1cc2c(Cc3ccccc3)n[nH]c2cc1O,active inhibtor,980.0
CHEMBL2040871,COc1cc2[nH]nc(Cc3cccc(C)c3)c2cc1C(=O)N(C)Cc1ccccc1,active inhibtor,20000.0
CHEMBL2042865,CN(Cc1ccccc1)C(=O)c1cc2c(Cc3ccccc3Cl)n[nH]c2cc1O,active inhibtor,2600.0
CHEMBL2042866,Cc1ccccc1Cc1n[nH]c2cc(O)c(C(=O)N(C)Cc3ccccc3)cc12,active inhibtor,2400.0
CHEMBL2042867,CN(Cc1ccccc1)C(=O)c1cc2c(Cc3cccc(F)c3)n[nH]c2cc1O,active inhibtor,1300.0
CHEMBL2042868,CN(Cc1ccccc1)C(=O)c1cc2c(Cc3cccc(Cl)c3)n[nH]c2cc1O,active inhibtor,400.0
CHEMBL2042869,Cc1cccc(Cc2n[nH]c3cc(O)c(C(=O)NCc4ccccc4)cc23)c1,active inhibtor,1500.0
CHEMBL2042870,Cc1cccc(Cc2n[nH]c3cc(O)c(C(=O)N(C)Cc4ccccc4)cc23)c1,active inhibtor,250.0
CHEMBL2042871,CCN(Cc1ccccc1)C(=O)c1cc2c(Cc3cccc(C)c3)n[nH]c2cc1O,active inhibtor,3000.0
CHEMBL2042872,COc1cccc(Cc2n[nH]c3cc(O)c(C(=O)N(C)Cc4ccccc4)cc23)c1,active inhibtor,1400.0
CHEMBL2042873,CCc1cccc(Cc2n[nH]c3cc(O)c(C(=O)N(C)Cc4ccccc4)cc23)c1,inactive inhibtor,1300.0
CHEMBL2042874,CN(Cc1ccccc1)C(=O)c1cc2c(Cc3ccc(Cl)cc3)n[nH]c2cc1O,inactive inhibtor,5700.0
CHEMBL2042875,Cc1ccc(Cc2n[nH]c3cc(O)c(C(=O)N(C)Cc4ccccc4)cc23)cc1,active inhibtor,1300.0
CHEMBL2042876,CCc1ccc(Cc2n[nH]c3cc(O)c(C(=O)N(C)Cc4ccccc4)cc23)cc1,active inhibtor,2500.0
CHEMBL2042877,CN(Cc1ccccc1Br)C(=O)c1cc2c(Cc3cccc(Cl)c3)n[nH]c2cc1O,active inhibtor,590.0
CHEMBL2042878,CN(Cc1cccc(F)c1)C(=O)c1cc2c(Cc3cccc(Cl)c3)n[nH]c2cc1O,active inhibtor,710.0
CHEMBL2042879,CN(Cc1ccc(F)cc1)C(=O)c1cc2c(Cc3cccc(Cl)c3)n[nH]c2cc1O,inactive inhibtor,800.0
CHEMBL2042880,COc1ccc(CN(C)C(=O)c2cc3c(Cc4cccc(Cl)c4)n[nH]c3cc2O)cc1,inactive inhibtor,800.0
CHEMBL2042881,COc1ccc(CN(C)C(=O)c2cc3c(Cc4cccc(Cl)c4)n[nH]c3cc2O)cc1OC,active inhibtor,730.0
CHEMBL2042882,CN(Cc1cccc(NS(C)(=O)=O)c1)C(=O)c1cc2c(Cc3cccc(Cl)c3)n[nH]c2cc1O,inactive inhibtor,410.0
CHEMBL2042883,CN(Cc1ccc(CNS(C)(=O)=O)cc1)C(=O)c1cc2c(Cc3cccc(Cl)c3)n[nH]c2cc1O,inactive inhibtor,60.0
CHEMBL2042760,Cc1cccc(Cc2n[nH]c3cc(O)c(C(=O)N(C)Cc4ccccc4Br)cc23)c1,inactive inhibtor,780.0
CHEMBL2042761,Cc1cccc(Cc2n[nH]c3cc(O)c(C(=O)N(C)Cc4cccc(F)c4)cc23)c1,inactive inhibtor,370.0
CHEMBL2042762,Cc1cccc(Cc2n[nH]c3cc(O)c(C(=O)N(C)Cc4ccc(F)cc4)cc23)c1,inactive inhibtor,580.0
CHEMBL2042763,COc1ccc(CN(C)C(=O)c2cc3c(Cc4cccc(C)c4)n[nH]c3cc2O)cc1,inactive inhibtor,460.0
CHEMBL2042764,Cc1cccc(Cc2n[nH]c3cc(O)c(C(=O)N(C)Cc4ccc(Cl)c(F)c4)cc23)c1,inactive inhibtor,170.0
CHEMBL2042765,COc1cc(CN(C)C(=O)c2cc3c(Cc4cccc(C)c4)n[nH]c3cc2O)ccc1Cl,active inhibtor,680.0
CHEMBL2040870,COc1ccc(CN(C)C(=O)c2cc3c(Cc4cccc(C)c4)n[nH]c3cc2O)cc1OC,inactive inhibtor,580.0
CHEMBL2042766,Cc1cccc(Cc2n[nH]c3cc(O)c(C(=O)N(C)Cc4ccc(F)c(F)c4)cc23)c1,inactive inhibtor,500.0
CHEMBL2042767,Cc1cccc(Cc2n[nH]c3cc(O)c(C(=O)N(C)Cc4cccc(NS(C)(=O)=O)c4)cc23)c1,inactive inhibtor,200.0
CHEMBL2042768,Cc1cccc(Cc2n[nH]c3cc(O)c(C(=O)N(C)Cc4ccc(NS(C)(=O)=O)cc4)cc23)c1,inactive inhibtor,350.0
CHEMBL2042769,Cc1cccc(Cc2n[nH]c3cc(O)c(C(=O)N(C)Cc4ccc(CNS(C)(=O)=O)cc4)cc23)c1,inactive inhibtor,150.0
CHEMBL2042883,CN(Cc1ccc(CNS(C)(=O)=O)cc1)C(=O)c1cc2c(Cc3cccc(Cl)c3)n[nH]c2cc1O,inactive inhibtor,1000.0
CHEMBL2042769,Cc1cccc(Cc2n[nH]c3cc(O)c(C(=O)N(C)Cc4ccc(CNS(C)(=O)=O)cc4)cc23)c1,inactive inhibtor,1100.0
CHEMBL278315,COC1=C2C[C@@H](C)C[C@H](OC)[C@H](O)[C@@H](C)/C=C(\C)[C@H](OC(N)=O)[C@@H](OC)/C=C\C=C(/C)C(=O)NC(=CC1=O)C2=O,inactive inhibtor,348.0
CHEMBL2333365,Cc1c(C(=O)N2CCOc3ccc(-c4ccc(N)nc4)cc3C2)ccc(S(C)(=O)=O)c1F,inactive inhibtor,3500.0
CHEMBL2413570,O=C1c2ccccc2C(=O)N1CCCn1cc(COCc2cn(CCCN3C(=O)c4ccccc4C3=O)nn2)nn1,inactive inhibtor,7000.0
CHEMBL2413569,O=C1c2ccccc2C(=O)c2cc(Cn3cc(COCc4cn(Cc5ccc6c(c5)C(=O)c5ccccc5C6=O)nn4)nn3)ccc21,inactive inhibtor,7000.0
CHEMBL2413568,O=C(c1ccccc1)c1ccc(Cn2cc(COCc3cn(Cc4ccc(C(=O)c5ccccc5)cc4)nn3)nn2)cc1,inactive inhibtor,7000.0
CHEMBL2413587,c1ccc2cc(Cn3cc(CCCCc4cn(Cc5ccc6ccccc6c5)nn4)nn3)ccc2c1,active inhibtor,52000.0
CHEMBL2413565,c1ccc2cc(Cn3cc(CN(Cc4cn(Cc5ccc6ccccc6c5)nn4)Cc4cn(Cc5ccc6ccccc6c5)nn4)nn3)ccc2c1,inactive inhibtor,16000.0
CHEMBL14830,Nc1ncnc2c1ncn2[C@@H]1O[C@H](COP(=O)(O)OP(=O)(O)O)[C@@H](O)[C@H]1O,inactive inhibtor,42159.0
CHEMBL14249,Nc1ncnc2c1ncn2[C@@H]1O[C@H](COP(=O)(O)OP(=O)(O)OP(=O)(O)O)[C@@H](O)[C@H]1O,inactive inhibtor,893677.0
CHEMBL2103879,CC(C)c1cc(-c2n[nH]c(=O)n2-c2ccc3c(ccn3C)c2)c(O)cc1O,active inhibtor,5.0
CHEMBL252164,CCNC(=O)c1noc(-c2cc(C(C)C)c(O)cc2O)c1-c1ccc(CN2CCOCC2)cc1,active inhibtor,16.0
CHEMBL560895,CC1(C)CC(=O)c2c(C(F)(F)F)nn(-c3ccc(C(N)=O)c(N[C@H]4CC[C@H](O)CC4)c3)c2C1,active inhibtor,25.0
CHEMBL2419346,CN(C)c1cc2c(cc1Sc1nc3c(N)nccc3n1CCNCC(C)(C)C)OCO2,active inhibtor,38.0
CHEMBL200102,CC(C)NCCCn1c(Sc2cc3c(cc2I)OCO3)nc2c(N)ncnc21,active inhibtor,42.0
CHEMBL467399,COc1c(C)cnc(Cn2cnc3c(Cl)nc(N)nc32)c1C,active inhibtor,17.0
CHEMBL109480,C=CCNC1=C2C[C@@H](C)C[C@H](OC)[C@H](O)[C@@H](C)/C=C(\C)[C@H](OC(N)=O)[C@@H](OC)/C=C\C=C(/C)C(=O)NC(=CC1=O)C2=O,active inhibtor,45.0
CHEMBL278315,COC1=C2C[C@@H](C)C[C@H](OC)[C@H](O)[C@@H](C)/C=C(\C)[C@H](OC(N)=O)[C@@H](OC)/C=C\C=C(/C)C(=O)NC(=CC1=O)C2=O,active inhibtor,22.0
CHEMBL414883,C[C@@H]1C[C@H]2O[C@@H]2/C=C\C=C\C(=O)Cc2c(Cl)c(O)cc(O)c2C(=O)O1,active inhibtor,19.0
CHEMBL3126058,CCc1ccc(OCCOCC(O)CN2CCN(c3ccccc3C(C)(C)C)CC2)cc1,active inhibtor,920.0
CHEMBL3126057,COc1ccccc1OCCOCC(O)CN1CCN(c2ccccc2C(C)(C)C)CC1,active inhibtor,1210.0
CHEMBL3126056,CC(C)(C)c1ccccc1N1CCN(CC(O)COCCOc2ccc(Br)c(Cl)c2)CC1,active inhibtor,9780.0
CHEMBL3126055,CC(C)(C)c1ccccc1N1CCN(CC(O)COCCOc2ccc(F)cc2F)CC1,active inhibtor,21230.0
CHEMBL3126085,CC(C)(C)c1ccccc1N1CCN(CC(O)COCCOc2cccc([N+](=O)[O-])c2)CC1,inactive inhibtor,11790.0
CHEMBL3126084,CC(C)(C)c1ccccc1N1CCN(CC(O)COCCOc2ccc(OC(F)(F)F)cc2)CC1,inactive inhibtor,8690.0
CHEMBL3126083,CC(C)(C)c1ccccc1N1CCN(CC(O)COCCOc2ccc(F)cc2)CC1,active inhibtor,6420.0
CHEMBL3126082,CCCc1ccc(OCCOCC(O)CN2CCN(c3ccccc3C(C)(C)C)CC2)cc1,active inhibtor,950.0
CHEMBL3126081,COc1ccc(OCCOCC(O)CN2CCN(c3ccccc3C(C)(C)C)CC2)cc1,active inhibtor,640.0
CHEMBL3126080,COc1cccc(OCCOCC(O)CN2CCN(c3ccccc3C(C)(C)C)CC2)c1,active inhibtor,2030.0
CHEMBL3126079,Cc1ccc(OCCOCC(O)CN2CCN(c3ccccc3C(C)(C)C)CC2)cc1,active inhibtor,870.0
CHEMBL3126078,CC(C)(C)c1ccccc1N1CCN(CC(O)COCCOc2ccccc2Br)CC1,active inhibtor,2250.0
CHEMBL3126077,CC(C)(C)c1ccccc1N1CCN(CC(O)COCCOc2cccc(Cl)c2)CC1,active inhibtor,1430.0
CHEMBL3126076,CC(C)(C)c1ccccc1N1CCN(CC(O)COCCOc2ccc(Cl)cc2)CC1,active inhibtor,750.0
CHEMBL3126075,CC(C)(C)c1ccccc1N1CCN(CCCOCCOc2ccc(Br)cc2)CC1,active inhibtor,100000.0
CHEMBL3126074,COC(COCCOc1ccc(Br)cc1)CN1CCN(c2ccccc2C(C)(C)C)CC1,active inhibtor,70430.0
CHEMBL383824,CO[C@H]1/C=C\C=C(/C)C(=O)NC2=CC(=O)C(NCCN(C)C)=C(C[C@@H](C)C[C@H](OC)[C@H](O)[C@@H](C)/C=C(\C)[C@@H]1OC(N)=O)C2=O,active inhibtor,930.0
CHEMBL3126073,CN(C(=O)C(C)(C)C)c1ccccc1N1CCN(CC(O)COCCOc2ccc(Br)cc2)CC1,active inhibtor,15290.0
CHEMBL3126072,CN(C)c1ccccc1N1CCN(CC(O)COCCOc2ccc(Br)cc2)CC1,active inhibtor,6320.0
CHEMBL3126071,Nc1ccccc1N1CCN(CC(O)COCCOc2ccc(Br)cc2)CC1,active inhibtor,22610.0
CHEMBL3126070,Oc1ccccc1N1CCN(CC(O)COCCOc2ccc(Br)cc2)CC1,active inhibtor,36490.0
CHEMBL3126069,N#Cc1ccccc1N1CCN(CC(O)COCCOc2ccc(Br)cc2)CC1,active inhibtor,25770.0
CHEMBL3126068,O=[N+]([O-])c1ccccc1N1CCN(CC(O)COCCOc2ccc(Br)cc2)CC1,active inhibtor,30410.0
CHEMBL3126067,OC(COCCOc1ccc(Br)cc1)CN1CCN(c2ccccc2OCc2ccccc2)CC1,inactive inhibtor,3670.0
CHEMBL3126066,CS(=O)(=O)Nc1ccccc1N1CCN(CC(O)COCCOc2ccc(Br)cc2)CC1,inactive inhibtor,13840.0
CHEMBL3126065,CC(=O)Nc1ccccc1N1CCN(CC(O)COCCOc2ccc(Br)cc2)CC1,inactive inhibtor,11450.0
CHEMBL3126064,OC(COCCOc1ccc(Br)cc1)CN1CCN(c2ccccc2N2CCCCC2)CC1,inactive inhibtor,4370.0
CHEMBL3126063,OC(COCCOc1ccc(Br)cc1)CN1CCN(c2ccccc2N2CCCC2)CC1,inactive inhibtor,5430.0
CHEMBL3126062,CC(C)(C)c1ccccc1N1CCN(CC(O)COCCOc2ccc(Br)cc2)CC1,inactive inhibtor,970.0
CHEMBL3126061,CC(C)c1ccccc1N1CCN(CC(O)COCCOc2ccc(Br)cc2)CC1,inactive inhibtor,1030.0
CHEMBL3126060,CCc1ccccc1N1CCN(CC(O)COCCOc2ccc(Br)cc2)CC1,inactive inhibtor,2430.0
CHEMBL3126059,Cc1ccccc1N1CCN(CC(O)COCCOc2ccc(Br)cc2)CC1,inactive inhibtor,5120.0
CHEMBL1622311,COc1ccccc1N1CCN(CC(O)COCCOc2ccc(Br)cc2)CC1,inactive inhibtor,5310.0
CHEMBL3128291,C=C(C)C(=O)Nc1ccnc(Sc2c(C)nc(N3CCN(C)CC3)nc2C)n1,inactive inhibtor,500000.0
CHEMBL3128288,C=CC(=O)Nc1cc(N)nc(Sc2c(OC)nc(N3CCN(C)CC3)nc2OCCOCCOCCOCCO)n1,active inhibtor,500000.0
CHEMBL3128287,C=CC(=O)Nc1cc(N)nc(Sc2c(OC)nc(N3CCN(CCOCCOCCOCCO)CC3)nc2OC)n1,inactive inhibtor,500000.0
CHEMBL3128285,C=CC(=O)Nc1ccnc(Sc2c(C)nc(N3CCN(C)CC3)nc2C)n1,inactive inhibtor,500000.0
CHEMBL3128284,C=CC(=O)Nc1cccc(Sc2c(OC)nc(N3CCOCC3)nc2OC)c1,inactive inhibtor,500000.0
CHEMBL3128282,C=CC(=O)Nc1cc(N)nc(Sc2c(OC)nc(N)nc2OC)n1,inactive inhibtor,500000.0
CHEMBL3128279,C=CC(=O)Nc1ccnc(Sc2c(OC)nc(N3CCCC3)nc2OC)n1,active inhibtor,500000.0
CHEMBL3128276,C=CC(=O)Nc1ccnc(Sc2c(OC)nc(N3CCN(C)CC3)nc2OC)n1,active inhibtor,500000.0
CHEMBL3128275,C=CC(=O)Nc1cc(N)nc(Sc2c(OCC)nc(N3CCCCC3)nc2OCC)n1,inactive inhibtor,500000.0
CHEMBL3128273,C=CC(=O)Nc1cc(N)nc(Sc2c(OCC)nc(N3CCN(C)CC3)nc2OCC)n1,inactive inhibtor,500000.0
CHEMBL3128272,C=CC(=O)Nc1cc(N)nc(Sc2c(OC)nc(N3CCCCC3)nc2OC)n1,inactive inhibtor,250000.0
CHEMBL3128270,C=CC(=O)Nc1cc(N)nc(Sc2c(OC)nc(N3CCN(C)CC3)nc2OC)n1,active inhibtor,500000.0
CHEMBL112953,C#CCCCn1c(Cc2cc(OC)c(OC)c(OC)c2Cl)nc2c(N)nc(F)nc21,active inhibtor,660.0
CHEMBL164,O=c1c(O)c(-c2cc(O)c(O)c(O)c2)oc2cc(O)cc(O)c12,active inhibtor,13500.0
CHEMBL3234416,COCC(=O)Nc1c(C(=O)OC)n(CCC(C)C)c2ncc(NC(C)CCC=C(C)C)cc12,inactive inhibtor,119500.0
CHEMBL109480,C=CCNC1=C2C[C@@H](C)C[C@H](OC)[C@H](O)[C@@H](C)/C=C(\C)[C@H](OC(N)=O)[C@@H](OC)/C=C\C=C(/C)C(=O)NC(=CC1=O)C2=O,inactive inhibtor,26500.0
CHEMBL3235333,CN1CCc2c3c(n(-c4cc(F)c(C(N)=O)c(N[C@H]5CCOC5)c4)c2C1)CC(C)(C)CC3=O,inactive inhibtor,120.0
CHEMBL3235334,CN1CCc2c3c(n(-c4ccc(C(N)=O)c(N[C@H]5CCOC5)c4)c2C1)CC(C)(C)CC3=O,inactive inhibtor,120.0
CHEMBL3235335,CN1CCc2c3c(n(-c4ccc(C(N)=O)c(NC5CCCC5)c4)c2C1)CC(C)(C)CC3=O,inactive inhibtor,110.0
CHEMBL3235336,CN1CCc2c3c(n(-c4ccc(C(N)=O)c(NCC5CC5)c4)c2C1)CC(C)(C)CC3=O,active inhibtor,190.0
CHEMBL3235337,COCCNc1cc(-n2c3c(c4c2CC(C)(C)CC4=O)CCN(C)C3)ccc1C(N)=O,active inhibtor,720.0
CHEMBL3235338,CN1CCc2c3c(n(-c4ccc(C(N)=O)c(NC5CCSCC5)c4)c2C1)CC(C)(C)CC3=O,inactive inhibtor,90.0
CHEMBL3235339,CCCNc1cc(-n2c3c(c4c2CC(C)(C)CC4=O)CCN(C)C3)ccc1C(N)=O,inactive inhibtor,190.0
CHEMBL3235340,CN1CCc2c3c(n(-c4ccc(C(N)=O)c(NC5CC5)c4)c2C1)CC(C)(C)CC3=O,inactive inhibtor,420.0
CHEMBL3235341,CN1CCc2c3c(n(-c4ccc(C(N)=O)c(NCC(F)F)c4)c2C1)CC(C)(C)CC3=O,inactive inhibtor,220.0
CHEMBL3235342,CN1CCc2c3c(n(-c4ccc(C(N)=O)c(NCC5(C)COC5)c4)c2C1)CC(C)(C)CC3=O,inactive inhibtor,450.0
CHEMBL3235343,CC(C)Nc1cc(-n2c3c(c4c2CC(C)(C)CC4=O)CCN(C)C3)ccc1C(N)=O,inactive inhibtor,140.0
CHEMBL3235344,CN1CCc2c3c(n(-c4ccc(C(N)=O)c(NCC(C)(C)C)c4)c2C1)CC(C)(C)CC3=O,inactive inhibtor,930.0
CHEMBL3235345,CC(C)Nc1cc(-n2c3c(c4c2CC(C)(C)CC4=O)CCN(C)C3)cc2c1C(=O)NCC2,inactive inhibtor,73.0
CHEMBL3235346,CN1CCc2c3c(n(-c4ccc5c(c4)CNC5=O)c2C1)CC(C)(C)CC3=O,inactive inhibtor,10000.0
CHEMBL3235347,CN1CCc2c3c(n(-c4ccc5c(c4)CCNC5=O)c2C1)CC(C)(C)CC3=O,inactive inhibtor,8500.0
CHEMBL3235348,CN1CCc2c3c(n(-c4ccc5c(c4)CCCNC5=O)c2C1)CC(C)(C)CC3=O,inactive inhibtor,10000.0
CHEMBL3235349,CN1CCc2c3c(n(-c4ccc(C(N)=O)c(CCC5CC5)c4)c2C1)CC(C)(C)CC3=O,inactive inhibtor,3600.0
CHEMBL3235350,CC(C)Cc1cc(-n2c3c(c4c2CC(C)(C)CC4=O)CCN(C)C3)cc2c1C(=O)NCC2,inactive inhibtor,143.0
CHEMBL3235351,CC1(C)CC(=O)c2c3c(n(-c4ccc(C(N)=O)c(N[C@H]5CCOC5)c4)c2C1)CCCC3,inactive inhibtor,530.0
CHEMBL3235352,Cc1cn(-c2cc3c(c(CC(C)C)c2)C(=O)NCC3)c2c1C(=O)CC(C)(C)C2,inactive inhibtor,222.0
CHEMBL3235353,Cc1cn(-c2cc3c(c(C4CCCC4)c2)C(=O)NCC3)c2c1C(=O)CC(C)(C)C2,inactive inhibtor,24.0
CHEMBL3235354,Cc1cn(-c2cc3c(c(C4CCCCC4)c2)C(=O)NCC3)c2c1C(=O)CC(C)(C)C2,inactive inhibtor,36.0
CHEMBL3235355,Cc1cn(-c2cc3c(c(C4CCOCC4)c2)C(=O)NCC3)c2c1C(=O)CC(C)(C)C2,inactive inhibtor,19.0
CHEMBL3235356,Cc1cn(-c2cc3c(c(C4CCC4)c2)C(=O)NCC3)c2c1C(=O)CC(C)(C)C2,inactive inhibtor,195.0
CHEMBL3235357,CCCCc1cc(-n2cc(C)c3c2CC(C)(C)CC3=O)cc2c1C(=O)NCC2,inactive inhibtor,1000.0
CHEMBL3235358,Cc1cn(-c2cc3c(c(C(C)(C)C)c2)C(=O)NCC3)c2c1C(=O)CC(C)(C)C2,inactive inhibtor,1700.0
CHEMBL3235359,Cc1cn(-c2cc3c(c(Cc4ccccc4)c2)C(=O)NCC3)c2c1C(=O)CC(C)(C)C2,inactive inhibtor,480.0
CHEMBL3235360,Cc1cn(-c2cc3c(c(-c4ccccc4)c2)C(=O)NCC3)c2c1C(=O)CC(C)(C)C2,inactive inhibtor,230.0
CHEMBL3235361,Cc1cn(-c2cc3c(c(-c4ccc(F)cc4)c2)C(=O)NCC3)c2c1C(=O)CC(C)(C)C2,inactive inhibtor,80.0
CHEMBL3235362,Cc1cn(-c2cc3c(c(-c4cccc(F)c4)c2)C(=O)NCC3)c2c1C(=O)CC(C)(C)C2,active inhibtor,81.0
CHEMBL3235363,COc1ccc(-c2cc(-n3cc(C)c4c3CC(C)(C)CC4=O)cc3c2C(=O)NCC3)cc1,inactive inhibtor,280.0
CHEMBL3104858,Cc1cn(-c2cc(F)c(C(N)=O)c(N[C@H]3CCOC3)c2)c2c1C(=O)CC(C)(C)C2,inactive inhibtor,30.0
CHEMBL3235350,CC(C)Cc1cc(-n2c3c(c4c2CC(C)(C)CC4=O)CCN(C)C3)cc2c1C(=O)NCC2,inactive inhibtor,27.0
CHEMBL3235353,Cc1cn(-c2cc3c(c(C4CCCC4)c2)C(=O)NCC3)c2c1C(=O)CC(C)(C)C2,inactive inhibtor,6.0
CHEMBL252164,CCNC(=O)c1noc(-c2cc(C(C)C)c(O)cc2O)c1-c1ccc(CN2CCOCC2)cc1,inactive inhibtor,7.0
CHEMBL3235842,COc1cc(OC)c(OC)cc1CN1CCc2nc(N3CCOCC3)ncc2C1,inactive inhibtor,50900.0
CHEMBL3235843,c1cc2c(cc1CN1CCc3nc(Nc4ccc5c(c4)OCCO5)ncc3C1)OCCO2,inactive inhibtor,100000.0
CHEMBL3235844,Fc1ccc(CN2CCc3nc(N4CCN(c5ncccn5)CC4)ncc3C2)cc1,inactive inhibtor,40240.0
CHEMBL3235845,Clc1ccc(CN2CCc3nc(N4CCN(c5ncccn5)CC4)ncc3C2)cc1,inactive inhibtor,47880.0
CHEMBL1706253,CN1CCN(c2ncc3c(n2)CCN(Cc2ccc(Br)s2)C3)CC1,inactive inhibtor,63200.0
CHEMBL3235846,COc1cc(CN2CCc3nc(N4CCOCC4)ncc3C2)cc(OC)c1OC,active inhibtor,55120.0
CHEMBL3235847,CN(C)c1ccc(CN2CCc3nc(N4CCN(c5ncccn5)CC4)ncc3C2)cc1,inactive inhibtor,46130.0
CHEMBL1882758,CCN1CCN(c2ncc3c(n2)CCN(Cc2ccc(Br)s2)C3)CC1,inactive inhibtor,74680.0
CHEMBL3235848,CCCN1CCN(c2ncc3c(n2)CCN(Cc2cc(Br)cs2)C3)CC1,inactive inhibtor,59280.0
CHEMBL3235849,COc1ccc(OC)c(CN2CCc3nc(N4CCN(c5ncccn5)CC4)ncc3C2)c1,inactive inhibtor,35180.0
CHEMBL3235850,CC1CCN(c2ncc3c(n2)CCN(Cc2ccc(Br)s2)C3)CC1,inactive inhibtor,87960.0
CHEMBL383824,CO[C@H]1/C=C\C=C(/C)C(=O)NC2=CC(=O)C(NCCN(C)C)=C(C[C@@H](C)C[C@H](OC)[C@H](O)[C@@H](C)/C=C(\C)[C@@H]1OC(N)=O)C2=O,inactive inhibtor,1410.0
CHEMBL1214827,CC(C)c1cc(C(=O)N2Cc3ccc(CN4CCN(C)CC4)cc3C2)c(O)cc1O,inactive inhibtor,350.0
CHEMBL3235844,Fc1ccc(CN2CCc3nc(N4CCN(c5ncccn5)CC4)ncc3C2)cc1,inactive inhibtor,100000.0
CHEMBL3235845,Clc1ccc(CN2CCc3nc(N4CCN(c5ncccn5)CC4)ncc3C2)cc1,inactive inhibtor,100000.0
CHEMBL3235847,CN(C)c1ccc(CN2CCc3nc(N4CCN(c5ncccn5)CC4)ncc3C2)cc1,inactive inhibtor,100000.0
CHEMBL3235849,COc1ccc(OC)c(CN2CCc3nc(N4CCN(c5ncccn5)CC4)ncc3C2)c1,inactive inhibtor,45390.0
CHEMBL383824,CO[C@H]1/C=C\C=C(/C)C(=O)NC2=CC(=O)C(NCCN(C)C)=C(C[C@@H](C)C[C@H](OC)[C@H](O)[C@@H](C)/C=C(\C)[C@@H]1OC(N)=O)C2=O,inactive inhibtor,90.0
CHEMBL1214827,CC(C)c1cc(C(=O)N2Cc3ccc(CN4CCN(C)CC4)cc3C2)c(O)cc1O,inactive inhibtor,30.0
CHEMBL3235851,COc1ccc(OC)c(C(=O)N2CCc3nc(N4CCN(c5ncccn5)CC4)ncc3C2)c1,inactive inhibtor,16440.0
CHEMBL3235852,O=C(c1ccc(F)cc1)N1CCc2nc(N3CCN(c4ncccn4)CC3)ncc2C1,inactive inhibtor,27210.0
CHEMBL3235853,O=C(c1ccc(Cl)cc1)N1CCc2nc(N3CCN(c4ncccn4)CC3)ncc2C1,inactive inhibtor,24480.0
CHEMBL3235854,COc1ccc(C(=O)N2CCc3nc(N4CCN(c5ncccn5)CC4)ncc3C2)c(OC)c1,inactive inhibtor,7880.0
CHEMBL3235855,O=C(c1ccc(O)cc1O)N1CCc2nc(N3CCN(c4ncccn4)CC3)ncc2C1,active inhibtor,3230.0
CHEMBL3235856,O=C(c1cc(Cl)c(O)cc1O)N1CCc2nc(N3CCN(c4ncccn4)CC3)ncc2C1,inactive inhibtor,930.0
CHEMBL3235857,Nc1ncc2c(n1)CCN(C(=O)c1cc(Cl)c(O)cc1O)C2,inactive inhibtor,510.0
CHEMBL3235858,Cc1ncc2c(n1)CCN(C(=O)c1cc(Cl)c(O)cc1O)C2,inactive inhibtor,420.0
CHEMBL3235851,COc1ccc(OC)c(C(=O)N2CCc3nc(N4CCN(c5ncccn5)CC4)ncc3C2)c1,inactive inhibtor,40360.0
CHEMBL3235852,O=C(c1ccc(F)cc1)N1CCc2nc(N3CCN(c4ncccn4)CC3)ncc2C1,inactive inhibtor,100000.0
CHEMBL3235853,O=C(c1ccc(Cl)cc1)N1CCc2nc(N3CCN(c4ncccn4)CC3)ncc2C1,inactive inhibtor,100000.0
CHEMBL3235854,COc1ccc(C(=O)N2CCc3nc(N4CCN(c5ncccn5)CC4)ncc3C2)c(OC)c1,inactive inhibtor,30540.0
CHEMBL3235855,O=C(c1ccc(O)cc1O)N1CCc2nc(N3CCN(c4ncccn4)CC3)ncc2C1,inactive inhibtor,10230.0
CHEMBL3235856,O=C(c1cc(Cl)c(O)cc1O)N1CCc2nc(N3CCN(c4ncccn4)CC3)ncc2C1,inactive inhibtor,1670.0
CHEMBL3235857,Nc1ncc2c(n1)CCN(C(=O)c1cc(Cl)c(O)cc1O)C2,inactive inhibtor,310.0
CHEMBL3235858,Cc1ncc2c(n1)CCN(C(=O)c1cc(Cl)c(O)cc1O)C2,inactive inhibtor,100.0
CHEMBL297453,O=C(O[C@@H]1Cc2c(O)cc(O)cc2O[C@@H]1c1cc(O)c(O)c(O)c1)c1cc(O)c(O)c(O)c1,inactive inhibtor,155000.0
CHEMBL264938,O=C(O[C@@H]1Cc2c(O)cc(O)cc2O[C@H]1c1cc(O)c(O)c(O)c1)c1cc(O)c(O)c(O)c1,inactive inhibtor,34000.0
CHEMBL3264525,O=C(O[C@@H]1Cc2c(O)cc(O)cc2O[C@@H]1c1cc(O)c(O)c(O)c1)c1ccccc1,inactive inhibtor,24000.0
CHEMBL3264526,O=C(O[C@@H]1Cc2c(O)cc(O)cc2O[C@@H]1c1cc(O)c(O)c(O)c1)c1ccc(F)cc1,inactive inhibtor,41000.0
CHEMBL3264527,O=C(O[C@@H]1Cc2c(O)cc(O)cc2O[C@@H]1c1cc(O)c(O)c(O)c1)c1ccc(F)c(F)c1,inactive inhibtor,58000.0
CHEMBL3264528,O=C(O[C@@H]1Cc2c(O)cc(O)cc2O[C@@H]1c1cc(O)c(O)c(O)c1)c1ccncc1,inactive inhibtor,64000.0
CHEMBL3264529,O=C(O[C@@H]1Cc2c(O)cc(O)cc2O[C@@H]1c1cc(O)c(O)c(O)c1)C1CCCCC1,inactive inhibtor,30000.0
CHEMBL3264530,O=C(N[C@@H]1Cc2c(O)cc(O)cc2O[C@@H]1c1cc(O)c(O)c(O)c1)c1ccccc1,inactive inhibtor,75000.0
CHEMBL3264531,O=S(=O)(N[C@@H]1Cc2c(O)cc(O)cc2O[C@@H]1c1cc(O)c(O)c(O)c1)c1ccccc1,inactive inhibtor,44000.0
CHEMBL3264532,O=C(O[C@H]1Cc2c(O)cc(O)cc2O[C@@H]1c1ccc(O)c(O)c1)C1CCCCC1,inactive inhibtor,98000.0
CHEMBL3264533,O=C(O[C@H]1Cc2c(O)cc(O)cc2O[C@@H]1c1ccc(O)c(O)c1)c1ccccc1,inactive inhibtor,110000.0
CHEMBL3264534,O=C(O[C@H]1Cc2c(O)cc(O)cc2O[C@@H]1c1ccc(O)c(O)c1)[C@H]1CC[C@@H](O)CC1,inactive inhibtor,280000.0
CHEMBL3264535,O=C(O[C@@H]1Cc2c(O)cc(O)cc2O[C@@H]1c1ccc(O)c(O)c1)[C@H]1CC[C@@H](F)CC1,inactive inhibtor,65000.0
CHEMBL3264536,O=C(O[C@@H]1Cc2c(O)cc(O)cc2O[C@@H]1c1ccc(O)c(O)c1)[C@H]1CC[C@H](F)CC1,inactive inhibtor,69000.0
CHEMBL3264537,O=C(O[C@@H]1Cc2c(O)cc(O)cc2O[C@@H]1c1ccc(O)c(O)c1)C1CCCCC1,inactive inhibtor,81000.0
CHEMBL3264538,O=C(O[C@@H]1Cc2c(O)cc(O)cc2O[C@@H]1c1ccc(O)c(O)c1)[C@H]1CC[C@@H](O)CC1,active inhibtor,310000.0
CHEMBL3264539,O=C(O[C@@H]1Cc2c(O)cc(O)cc2O[C@@H]1c1ccc(O)c(O)c1)[C@H]1CC[C@H](O)CC1,active inhibtor,440000.0
CHEMBL3264540,O=C(O[C@@H]1Cc2c(O)cc(O)cc2O[C@@H]1c1ccc(O)c(O)c1)C1CC1,active inhibtor,410000.0
CHEMBL3264541,O=C(O[C@@H]1Cc2c(O)cc(O)cc2O[C@@H]1c1ccccc1)c1ccccc1,active inhibtor,63000.0
CHEMBL1923070,O=C(O[C@@H]1Cc2ccccc2O[C@@H]1c1ccccc1)c1cc(O)c(O)c(O)c1,active inhibtor,35000.0
CHEMBL3264542,O=C(O[C@H]1Cc2c(O)cc(O)cc2O[C@@H]1c1ccccc1)c1ccccc1,active inhibtor,120000.0
CHEMBL3264543,O=C(O[C@H]1Cc2c(O)cc(O)cc2O[C@@H]1c1ccccc1)c1cc(O)c(O)c(O)c1,active inhibtor,150000.0
CHEMBL36506,CO[C@@H]1[C@@H](OC(N)=O)[C@@H](O)[C@H](Oc2ccc3c(O)c(NC(=O)c4ccc(O)c(CC=C(C)C)c4)c(=O)oc3c2C)OC1(C)C,active inhibtor,231000.0
CHEMBL389471,CO[C@H]1[C@H](OC(=O)c2ccc(C)[nH]2)[C@H](O)[C@@H](Oc2ccc3c(O)c(NC(=O)c4c[nH]c(C(=O)Nc5c(O)c6ccc(O[C@H]7OC(C)(C)[C@@H](OC)[C@H](OC(=O)c8ccc(C)[nH]8)[C@@H]7O)c(C)c6oc5=O)c4C)c(=O)oc3c2C)OC1(C)C,active inhibtor,15300.0
CHEMBL278315,COC1=C2C[C@@H](C)C[C@H](OC)[C@H](O)[C@@H](C)/C=C(\C)[C@H](OC(N)=O)[C@@H](OC)/C=C\C=C(/C)C(=O)NC(=CC1=O)C2=O,active inhibtor,10.0
CHEMBL3360762,CC[C@H](C)[C@H](NC(=O)[C@H](CCCNC(=N)N)NC(=O)[C@H](CC(N)=O)NC(=O)[C@H](C)NC(=O)[C@H](Cc1cnc[nH]1)NC(=O)[C@@H](NC(=O)[C@H](CCC(N)=O)NC(=O)[C@@H]1CCCN1C(=O)[C@H](CC(=O)O)NC(C)=O)[C@@H](C)O)C(=O)N[C@@H](Cc1ccc(O)cc1)C(=O)N[C@@H](CCCNC(=N)N)C(=O)N[C@@H](CCSC)C(=O)N[C@H](C(=O)N[C@@H](CCCCN)C(=O)N[C@@H](CC(C)C)C(=O)NCC(=O)N[C@@H](CC(C)C)C(=O)NCC(N)=O)[C@@H](C)CC,active inhibtor,160000.0
CHEMBL3360767,CC[C@H](C)[C@H](NC(=O)[C@H](CCCNC(=N)N)NC(=O)[C@H](CC(N)=O)NC(=O)[C@H](C)NC(=O)[C@H](Cc1cnc[nH]1)NC(=O)[C@@H](NC(=O)[C@H](CCC(N)=O)NC(=O)[C@@H]1CCCN1C(=O)[C@H](CC(=O)O)NC(C)=O)[C@@H](C)O)C(=O)N[C@@H](Cc1ccc(O)cc1)C(=O)N[C@@H](CCCNC(=N)N)C(=O)N[C@@H](CCSC)C(=O)N[C@H](C(=O)N[C@@H](CCCCN)C(=O)N[C@@H](CC(C)C)C(=O)N[C@@H](CC(C)C)C(=O)N[C@@H](CC(C)C)C(=O)NCC(N)=O)[C@@H](C)CC,active inhibtor,18600.0
CHEMBL3360769,CC[C@H](C)[C@H](NC(=O)[C@H](CCCNC(=N)N)NC(=O)[C@H](CC(N)=O)NC(=O)[C@H](C)NC(=O)[C@H](Cc1cnc[nH]1)NC(=O)[C@@H](NC(=O)[C@H](CCC(N)=O)NC(=O)[C@@H]1CCCN1C(=O)[C@H](CC(=O)O)NC(C)=O)[C@@H](C)O)C(=O)N[C@@H](Cc1ccc(O)cc1)C(=O)N[C@@H](CCCNC(=N)N)C(=O)N[C@@]1(C)CCC/C=C/CCC[C@@](C)(C(=O)N[C@@H](CC(C)C)C(=O)NCC(N)=O)NC(=O)[C@H](CC(C)C)NC(=O)[C@H](CCCCN)NC(=O)[C@H]([C@@H](C)CC)NC1=O,active inhibtor,18800.0
CHEMBL3360770,C=CCCC[C@](C)(NC(=O)[C@H](CC(C)C)NC(=O)[C@H](CCCCN)NC(=O)[C@@H](NC(=O)[C@](C)(CCCC=C)NC(=O)[C@H](CCCNC(=N)N)NC(=O)[C@H](Cc1ccc(O)cc1)NC(=O)[C@@H](NC(=O)[C@H](CCCNC(=N)N)NC(=O)[C@H](CC(N)=O)NC(=O)[C@H](C)NC(=O)[C@H](Cc1cnc[nH]1)NC(=O)[C@@H](NC(=O)[C@H](CCC(N)=O)NC(=O)[C@@H]1CCCN1C(=O)[C@H](CC(=O)O)NC(C)=O)[C@@H](C)O)[C@@H](C)CC)[C@@H](C)CC)C(=O)N[C@@H](CC(C)C)C(=O)NCC(N)=O,active inhibtor,15800.0
CHEMBL3360771,CSCC[C@@H]1NC(=O)[C@H](CCCNC(=N)N)NC(=O)[C@H](Cc2ccc(O)cc2)NC(=O)[C@@H](NC(=O)[C@H](CCCNC(=N)N)NC(=O)[C@H](CC(N)=O)NC(=O)[C@H](C)NC(=O)[C@H](Cc2cnc[nH]2)NC(=O)[C@@H](NC(=O)[C@H](CCC(N)=O)NC(=O)[C@@H]2CCCN2C(=O)[C@H](CC(=O)O)NC(C)=O)[C@@H](C)O)CCCCNC(=O)C[C@@H](C(=O)N[C@@H](CCCCN)C(=O)N[C@@H](CC(C)C)C(=O)NCC(=O)N[C@@H](CC(C)C)C(=O)NCC(N)=O)NC1=O,active inhibtor,120000.0
CHEMBL3360772,CC[C@H](C)[C@H](NC(=O)[C@H](CCCNC(=N)N)NC(=O)[C@H](CC(N)=O)NC(=O)[C@H](C)NC(=O)[C@H](Cc1cnc[nH]1)NC(=O)[C@@H](NC(=O)[C@H](CCC(N)=O)NC(=O)[C@@H]1CCCN1C(=O)[C@H](CC(=O)O)NC(C)=O)[C@@H](C)O)C(=O)N[C@@H](Cc1ccc(O)cc1)C(=O)N[C@@H](CCCNC(=N)N)C(=O)N[C@H]1CCCCNC(=O)C[C@@H](C(=O)N[C@@H](CC(C)C)C(=O)NCC(N)=O)NC(=O)[C@H](CC(C)C)NC(=O)[C@H](CCCCN)NC(=O)[C@H]([C@@H](C)CC)NC1=O,active inhibtor,67000.0
CHEMBL3360773,CC[C@H](C)[C@H](NC(=O)[C@H](CCCNC(=N)N)NC(=O)[C@H](CC(N)=O)NC(=O)[C@H](C)NC(=O)[C@H](Cc1cnc[nH]1)NC(=O)[C@@H](NC(=O)[C@H](CCC(N)=O)NC(=O)[C@@H]1CCCN1C(=O)[C@H](CC(=O)O)NC(C)=O)[C@@H](C)O)C(=O)N[C@@H](Cc1ccc(O)cc1)C(=O)N[C@@H](CCCNC(=N)N)C(=O)N[C@@H](CCSC)C(=O)N[C@H](C(=O)N[C@H]1CCCCNC(=O)C[C@@H](C(=O)O)NC(=O)[C@H](CC(C)C)NC(=O)CNC(=O)[C@H](CC(C)C)NC1=O)[C@@H](C)CC,active inhibtor,121000.0
CHEMBL3360774,CC[C@H](C)[C@H](NC(=O)[C@H](CCCNC(=N)N)NC(=O)[C@H](CC(N)=O)NC(=O)[C@H](C)NC(=O)[C@H](Cc1cnc[nH]1)NC(=O)[C@@H](NC(=O)[C@H](CCC(N)=O)NC(=O)[C@@H]1CCCN1C(=O)[C@H](CC(=O)O)NC(C)=O)[C@@H](C)O)C(=O)N[C@@H](Cc1ccc(O)cc1)C(=O)N[C@@H](CCCNC(=N)N)C(=O)N[C@H](C(=O)N[C@@H](CCCCN)C(=O)N[C@@H](CC(C)C)C(=O)N[C@@H](CC(C)C)C(=O)NCC(N)=O)[C@@H](C)CC,active inhibtor,10400.0
CHEMBL3360775,CC[C@H](C)[C@H](NC(=O)[C@H](CCCNC(=N)N)NC(=O)[C@H](CC(N)=O)NC(=O)[C@H](C)NC(=O)[C@H](Cc1cnc[nH]1)NC(=O)[C@@H](NC(=O)[C@H](CCC(N)=O)NC(=O)[C@@H]1CCCN1C(=O)[C@H](CC(=O)O)NC(C)=O)[C@@H](C)O)C(=O)N[C@@H](Cc1ccc(O)cc1)C(=O)N[C@@H](CCCNC(=N)N)C(=O)N[C@@H](CCSC)C(=O)N[C@H](C(=O)N[C@@H](CCCCN)C(=O)N[C@@H](CC(C)C)C(=O)N[C@@H](Cc1c[nH]c2ccccc12)C(=O)N[C@@H](CC(C)C)C(=O)NCC(N)=O)[C@@H](C)CC,active inhibtor,16800.0
CHEMBL3360776,CC[C@H](C)[C@H](NC(=O)[C@H](CCCNC(=N)N)NC(=O)[C@H](CC(N)=O)NC(=O)[C@H](C)NC(=O)[C@H](Cc1cnc[nH]1)NC(=O)[C@@H](NC(=O)[C@H](CCC(N)=O)NC(=O)[C@@H]1CCCN1C(=O)[C@H](CC(=O)O)NC(C)=O)[C@@H](C)O)C(=O)N[C@@H](Cc1ccc(O)cc1)C(=O)N[C@@H](CCCNC(=N)N)C(=O)N[C@@H](CCSC)C(=O)N[C@H](C(=O)N[C@H]1CCCCNC(=O)C[C@@H](C(N)=O)NC(=O)[C@H](CC(C)C)NC(=O)[C@H](Cc2c[nH]c3ccccc23)NC(=O)[C@H](CC(C)C)NC1=O)[C@@H](C)CC,active inhibtor,27000.0
CHEMBL3360777,CC[C@H](C)[C@H](NC(=O)[C@H](CCCNC(=N)N)NC(=O)[C@H](CC(N)=O)NC(=O)[C@H](C)NC(=O)[C@H](Cc1cnc[nH]1)NC(=O)[C@@H](NC(=O)[C@H](CCC(N)=O)NC(=O)[C@@H]1CCCN1C(=O)[C@H](CC(=O)O)NC(C)=O)[C@@H](C)O)C(=O)N[C@@H](Cc1c[nH]c2ccccc12)C(=O)N[C@@H](CCCNC(=N)N)C(=O)N[C@@H](CCSC)C(=O)N[C@H](C(=O)N[C@H]1CCCCNC(=O)C[C@@H](C(N)=O)NC(=O)[C@H](CC(C)C)NC(=O)[C@H](Cc2c[nH]c3ccccc23)NC(=O)[C@H](CC(C)C)NC1=O)[C@@H](C)CC,active inhibtor,730.0
CHEMBL190439,C#CCCCn1c(Sc2ccccc2Cl)nc2c(N)ncnc21,active inhibtor,100000.0
CHEMBL193892,C#CCCCn1c(Sc2ccccc2OC)nc2c(N)ncnc21,active inhibtor,100000.0
CHEMBL190438,C#CCCCn1c(Sc2ccccc2CO)nc2c(N)ncnc21,active inhibtor,100000.0
CHEMBL371372,C#CCCCn1c(Sc2ccccc2OC(F)(F)F)nc2c(N)ncnc21,active inhibtor,100000.0
CHEMBL370286,C#CCCCn1c(Sc2ccc(OC)cc2)nc2c(N)ncnc21,active inhibtor,100000.0
CHEMBL365118,C#CCCCn1c(Sc2ccc(Cl)cc2Cl)nc2c(N)ncnc21,active inhibtor,300000.0
CHEMBL424824,C#CCCCn1c(Sc2ccc(C)cc2C)nc2c(N)ncnc21,active inhibtor,300000.0
CHEMBL371570,C#CCCCn1c(Sc2ccc(OC)cc2OC)nc2c(N)ncnc21,active inhibtor,50000.0
CHEMBL364450,C#CCCCn1c(Sc2cc(Cl)ccc2Cl)nc2c(N)ncnc21,active inhibtor,100000.0
CHEMBL364239,C#CCCCn1c(Sc2cc(C)ccc2C)nc2c(N)ncnc21,active inhibtor,300000.0
CHEMBL364456,C#CCCCn1c(Sc2cc(C(F)(F)F)ccc2Cl)nc2c(N)ncnc21,active inhibtor,100000.0
CHEMBL192013,C#CCCCn1c(Sc2cc(Cl)cc(Cl)c2)nc2c(N)ncnc21,active inhibtor,500000.0
CHEMBL3426734,C#CCCCn1c(Sc2cc(Cl)cc(Br)c2)nc2c(N)ncnc21,active inhibtor,100000.0
CHEMBL195096,C#CCCCn1c(Sc2cc(C)cc(C)c2)nc2c(N)ncnc21,active inhibtor,300000.0
CHEMBL3426739,C#CCCCn1c(Sc2ccc(Cl)c(Cl)c2Cl)nc2c(N)ncnc21,inactive inhibtor,39470.0
CHEMBL192480,C#CCCCn1c(Sc2cc(Cl)c(Cl)cc2Cl)nc2c(N)ncnc21,inactive inhibtor,200000.0
CHEMBL3426740,C#CCCCn1c(Sc2c(C)cc(C)cc2C)nc2c(N)ncnc21,active inhibtor,500000.0
CHEMBL200102,CC(C)NCCCn1c(Sc2cc3c(cc2I)OCO3)nc2c(N)ncnc21,active inhibtor,42.0
CHEMBL3426741,C#CCCn1c(Sc2cc(Cl)cc(Cl)c2)nc2c(N)ncnc21,inactive inhibtor,100000.0
CHEMBL3426742,C#CCCCCn1c(Sc2cc(Cl)cc(Cl)c2)nc2c(N)ncnc21,inactive inhibtor,100000.0
CHEMBL3426743,CC#CCn1c(Sc2cc(Cl)cc(Cl)c2)nc2c(N)ncnc21,active inhibtor,100000.0
CHEMBL3426744,Nc1ncnc2c1nc(Sc1cc(Cl)cc(Cl)c1)n2CCC(F)(F)F,active inhibtor,100000.0
CHEMBL3426745,Nc1ncnc2c1nc(Sc1cc(Cl)cc(Cl)c1)n2CCCC(F)(F)F,active inhibtor,100000.0
CHEMBL3426746,Nc1ncnc2c1nc(Sc1cc(Cl)cc(Cl)c1)n2CCCCC(F)(F)F,active inhibtor,100000.0
CHEMBL3426747,Nc1ncnc2c1nc(Sc1cc(Cl)cc(Cl)c1)n2CCCCCC(F)(F)F,active inhibtor,100000.0
CHEMBL3426748,N#CCCCn1c(Sc2cc(Cl)cc(Cl)c2)nc2c(N)ncnc21,active inhibtor,100000.0
CHEMBL3426749,Nc1ncnc2c1nc(Sc1cc(Cl)cc(Cl)c1)n2Cc1ccccc1,active inhibtor,100000.0
CHEMBL3426750,Nc1ncnc2c1nc(Sc1cc(Cl)cc(Cl)c1)n2CCc1ccccc1,active inhibtor,100000.0
CHEMBL3426764,N#CCCCn1cnc(N)c2nc(Sc3ccccc3Cl)nc1-2,active inhibtor,100000.0
CHEMBL3426765,COc1ccccc1Sc1nc2c(N)ncn(CCCC#N)c-2n1,active inhibtor,100000.0
CHEMBL3426766,N#CCCCn1cnc(N)c2nc(Sc3ccccc3CO)nc1-2,active inhibtor,100000.0
CHEMBL3426767,N#CCCCn1cnc(N)c2nc(Sc3ccccc3OC(F)(F)F)nc1-2,active inhibtor,100000.0
CHEMBL3426768,N#CCCCn1cnc(N)c2nc(Sc3ccc(Cl)cc3Cl)nc1-2,active inhibtor,500000.0
CHEMBL3426769,Cc1ccc(Sc2nc3c(N)ncn(CCCC#N)c-3n2)c(C)c1,active inhibtor,250000.0
CHEMBL3426770,COc1ccc(Sc2nc3c(N)ncn(CCCC#N)c-3n2)c(OC)c1,active inhibtor,100000.0
CHEMBL3426771,N#CCCCn1cnc(N)c2nc(Sc3cc(Cl)ccc3Cl)nc1-2,active inhibtor,100000.0
CHEMBL3426772,Cc1ccc(C)c(Sc2nc3c(N)ncn(CCCC#N)c-3n2)c1,active inhibtor,100000.0
CHEMBL3426773,N#CCCCn1cnc(N)c2nc(Sc3cc(C(F)(F)F)ccc3Cl)nc1-2,active inhibtor,100000.0
CHEMBL3426774,N#CCCCn1cnc(N)c2nc(Sc3cc(Cl)cc(Cl)c3)nc1-2,active inhibtor,100000.0
CHEMBL3426775,Cc1cc(C)cc(Sc2nc3c(N)ncn(CCCC#N)c-3n2)c1,active inhibtor,100000.0
CHEMBL3426776,N#CCCCn1cnc(N)c2nc(Sc3cc(Cl)c(Cl)cc3Cl)nc1-2,active inhibtor,100000.0
CHEMBL3426777,Cc1cc(C)c(Sc2nc3c(N)ncn(CCCC#N)c-3n2)c(C)c1,active inhibtor,100000.0
CHEMBL3426779,CC(C)NCCCn1cnc(N)c2nc(Sc3cc(Cl)cc(Cl)c3)nc1-2,active inhibtor,100000.0
CHEMBL3426781,CC(C)NCCCn1c(Sc2cc(Cl)cc(Cl)c2)nc2c(N)ncnc21,active inhibtor,41800.0
CHEMBL3600800,CCNC(=O)c1noc(-c2cc(C(C)C)c(O)cc2O)c1C#CC(C)(C)NC(=O)c1ccc(F)nc1,active inhibtor,73.0
CHEMBL3600799,CCNC(=O)c1noc(-c2cc(C(C)C)c(O)cc2O)c1C#CC(C)(C)NC(=O)c1ccc(C(F)(F)F)nc1,active inhibtor,389.0
CHEMBL3600798,CCNC(=O)c1noc(-c2cc(C(C)C)c(O)cc2O)c1C#CC(C)(C)NC(=O)c1ccc(OC)nc1,active inhibtor,393.0
CHEMBL3600797,CCNC(=O)c1noc(-c2cc(C(C)C)c(O)cc2O)c1C#CC(C)(C)NC(=O)c1cnc2ccccc2c1,active inhibtor,120.0
CHEMBL3600796,CCNC(=O)c1noc(-c2cc(C(C)C)c(O)cc2O)c1C#CC(C)(C)NC(=O)c1ccc(C)nc1,active inhibtor,143.0
CHEMBL3600795,CCNC(=O)c1noc(-c2cc(C(C)C)c(O)cc2O)c1C#CC(C)(C)NC(=O)c1cccnc1,inactive inhibtor,151.0
CHEMBL3600794,CCNC(=O)c1noc(-c2cc(C(C)C)c(O)cc2O)c1C#CC(C)(C)NC(=O)c1ccc(C(F)(F)F)cc1,inactive inhibtor,1770.0
CHEMBL3600793,CCNC(=O)c1noc(-c2cc(C(C)C)c(O)cc2O)c1C#CC(C)(C)NCc1ccc(C(F)(F)F)cc1,active inhibtor,446.0
CHEMBL3600792,CCNC(=O)c1noc(-c2cc(C(C)C)c(O)cc2O)c1C#CC(C)(C)NC(=O)c1ccco1,active inhibtor,111.0
CHEMBL3600791,CCNC(=O)c1noc(-c2cc(C(C)C)c(O)cc2O)c1C#CC(C)(C)NC(=O)N1CCOCC1,active inhibtor,126.0
CHEMBL3600790,CCNC(=O)c1noc(-c2cc(C(C)C)c(O)cc2O)c1C#CC(C)(C)NC(=O)N(C)C,active inhibtor,68.0
CHEMBL3600789,CCNC(=O)c1noc(-c2cc(C(C)C)c(O)cc2O)c1C#CC(C)(C)NC(=O)C1CCCCC1,active inhibtor,384.0
CHEMBL3600387,CCNC(=O)c1noc(-c2cc(C(C)C)c(O)cc2O)c1C#CC(C)(C)NC(=O)C1CCCC1,active inhibtor,116.0
CHEMBL3600514,CCNC(=O)c1noc(-c2cc(C(C)C)c(O)cc2O)c1C#CC(C)(C)NC(=O)C1CC1,active inhibtor,108.0
CHEMBL3600513,CCNC(=O)c1noc(-c2cc(C(C)C)c(O)cc2O)c1C#CC(C)(C)NC(C)=O,inactive inhibtor,76.0
CHEMBL3600512,CCNC(=O)c1noc(-c2cc(C(C)C)c(O)cc2O)c1C#CC(C)(C)NS(=O)(=O)c1ccc(C)cc1,active inhibtor,237.0
CHEMBL3600511,CCNC(=O)c1noc(-c2cc(C(C)C)c(O)cc2O)c1C#CC(C)(C)NS(C)(=O)=O,active inhibtor,101.0
CHEMBL3600510,CCNC(=O)c1noc(-c2cc(C(C)C)c(O)cc2O)c1C#CCNC(=O)c1cnc2ccccc2c1,active inhibtor,167.0
CHEMBL3600509,CCNC(=O)c1noc(-c2cc(C(C)C)c(O)cc2O)c1C#CCNC(=O)c1ccc2ccccc2c1,active inhibtor,1100.0
CHEMBL3600508,CCNC(=O)c1noc(-c2cc(C(C)C)c(O)cc2O)c1C#CCNC(=O)c1ccc(C(F)(F)F)nc1,active inhibtor,146.0
CHEMBL3600507,CCNC(=O)c1noc(-c2cc(C(C)C)c(O)cc2O)c1C#CCNC(=O)c1ccc(C(F)(F)F)cc1,active inhibtor,149.0
CHEMBL3600506,CCNC(=O)c1noc(-c2cc(C(C)C)c(O)cc2O)c1C#CN1CCN(C(=O)c2ccc(C(F)(F)F)nc2)CC1,active inhibtor,160.0
CHEMBL3600505,CCNC(=O)c1noc(-c2cc(C(C)C)c(O)cc2O)c1C#CN1CCC(NC(=O)c2ccc(C(F)(F)F)nc2)CC1,active inhibtor,87.0
CHEMBL3600504,CCNC(=O)c1noc(-c2cc(C(C)C)c(O)cc2O)c1C#CCN1CCSCC1,active inhibtor,114.0
CHEMBL3600503,CCNC(=O)c1noc(-c2cc(C(C)C)c(O)cc2O)c1C#CCN1CCS(=O)(=O)CC1,active inhibtor,87.0
CHEMBL3600502,CCNC(=O)c1noc(-c2cc(C(C)C)c(O)cc2O)c1C#CCN1C[C@@H](C)O[C@@H](C)C1,active inhibtor,135.0
CHEMBL3600501,CCNC(=O)c1noc(-c2cc(C(C)C)c(O)cc2O)c1C#CCN1CCC(=NOC)CC1,inactive inhibtor,142.0
CHEMBL3600500,CCNC(=O)c1noc(-c2cc(C(C)C)c(O)cc2O)c1C#CCN1CCOCC1,inactive inhibtor,83.0
CHEMBL3600499,CCNC(=O)c1noc(-c2cc(C(C)C)c(O)cc2O)c1C#CC1CC1,inactive inhibtor,35.0
CHEMBL3600498,CCNC(=O)c1noc(-c2cc(C(C)C)c(O)cc2O)c1C#CC1CCCC1,active inhibtor,99.0
CHEMBL3600497,CCNC(=O)c1noc(-c2cc(C(C)C)c(O)cc2O)c1C#CC1CCCCC1,inactive inhibtor,141.0
CHEMBL3600496,CCNC(=O)c1noc(-c2cc(C(C)C)c(O)cc2O)c1C#Cc1ccccc1,inactive inhibtor,144.0
CHEMBL3600495,CCNC(=O)c1noc(-c2cc(C(C)C)c(O)cc2O)c1C#Cc1ccc(C(C)(C)C)cc1,inactive inhibtor,736.0
CHEMBL3600494,CC(C)NC(=O)c1noc(-c2cc(C(C)C)c(O)cc2O)c1C#Cc1ccccc1,active inhibtor,133.0
CHEMBL3600435,CC(C)NC(=O)c1noc(-c2cc(C(C)C)c(O)cc2O)c1C#CCN1CCOCC1,inactive inhibtor,182.0
CHEMBL3600434,CC(C)c1cc(-c2onc(C(N)=O)c2C#CCN2CCOCC2)c(O)cc1O,inactive inhibtor,636.0
CHEMBL252164,CCNC(=O)c1noc(-c2cc(C(C)C)c(O)cc2O)c1-c1ccc(CN2CCOCC2)cc1,inactive inhibtor,85.0
CHEMBL1514322,CCc1cc(C(=O)Cn2cnc3ccccc32)c(O)cc1O,inactive inhibtor,50000.0
CHEMBL3686073,CC(C)c1cc(-c2nnc(Nc3ccccc3)n2-c2ccc3c(ccn3C)c2)c(O)cc1O,inactive inhibtor,1400.0
CHEMBL3686074,CNc1nnc(-c2cc(C(C)C)c(O)cc2O)n1-c1ccc2c(ccn2C)c1,inactive inhibtor,3500.0
CHEMBL3686075,CC(C)c1cc(-c2nnc(NCc3ccccc3)n2-c2ccc3c(ccn3C)c2)c(O)cc1O,inactive inhibtor,35000.0
CHEMBL3686076,CC(C)c1cc(-c2nnc(Nc3ccc4ncccc4c3)n2-c2ccc3c(ccn3C)c2)c(O)cc1O,inactive inhibtor,680.0
CHEMBL3686077,CC(C)c1cc(-c2nnc(Nc3cccc(N)c3)n2-c2ccc3c(ccn3C)c2)c(O)cc1O,inactive inhibtor,2900.0
CHEMBL3686078,CC(C)c1cc(-c2nnc(Nc3cccc(C(F)(F)F)c3)n2-c2ccc3c(ccn3C)c2)c(O)cc1O,inactive inhibtor,5000.0
CHEMBL3686079,COc1cccc(Nc2nnc(-c3cc(C(C)C)c(O)cc3O)n2-c2ccc3c(ccn3C)c2)c1,inactive inhibtor,1800.0
CHEMBL3686080,CC(C)c1cc(-c2nnc(NC(=O)c3ccccc3)n2-c2ccc3c(ccn3C)c2)c(O)cc1O,active inhibtor,2600.0
CHEMBL3686081,Cc1cc(C(=O)Nc2nnc(-c3cc(C(C)C)c(O)cc3O)n2-c2ccc3c(ccn3C)c2)no1,inactive inhibtor,7860.0
CHEMBL3686082,CC(=O)Nc1nnc(-c2cc(C(C)C)c(O)cc2O)n1-c1ccc2c(ccn2C)c1,inactive inhibtor,382.0
CHEMBL3686083,CCCC(=O)Nc1nnc(-c2cc(C(C)C)c(O)cc2O)n1-c1ccc2c(ccn2C)c1,inactive inhibtor,1400.0
CHEMBL3686084,COCC(=O)Nc1nnc(-c2cc(C(C)C)c(O)cc2O)n1-c1ccc2c(ccn2C)c1,inactive inhibtor,1800.0
CHEMBL3686085,CC(C)C(=O)Nc1nnc(-c2cc(C(C)C)c(O)cc2O)n1-c1ccc2c(ccn2C)c1,active inhibtor,1560.0
CHEMBL3686086,CC(C)c1cc(-c2nnc(NC(=O)c3ccco3)n2-c2ccc3c(ccn3C)c2)c(O)cc1O,active inhibtor,1040.0
CHEMBL3686087,CC(C)c1cc(-c2nnc(NC(=O)Cc3ccccc3)n2-c2ccc3c(ccn3C)c2)c(O)cc1O,active inhibtor,1460.0
CHEMBL3686088,CC(C)c1cc(-c2nnc(NC(=O)c3ccc(F)c(F)c3)n2-c2ccc3c(ccn3C)c2)c(O)cc1O,active inhibtor,1680.0
CHEMBL3686089,CC(C)c1cc(-c2nnc(NC(=O)C(F)(F)F)n2-c2ccc3c(ccn3C)c2)c(O)cc1O,inactive inhibtor,3000.0
CHEMBL3686090,CC(C)c1cc(-c2nnc(NC(=O)COc3ccc(Cl)cc3)n2-c2ccc3c(ccn3C)c2)c(O)cc1O,inactive inhibtor,2740.0
CHEMBL3686091,CC(C)c1cc(-c2nnc(NC(=O)C3CCCC3)n2-c2ccc3c(ccn3C)c2)c(O)cc1O,inactive inhibtor,5920.0
